elapsed_s,real_x,real_y,real_yaw,sim_x,sim_y,sim_yaw,position_error,heading_error,real_velocity_x,real_velocity_y,real_yaw_rate,sim_velocity_x,sim_velocity_y,sim_yaw_rate
0.006778120000490162,1.3130562116969106e-07,1.5914802936269056e-14,4.0187579810485336e-07,2.4575847098345016e-05,0.0,0.0,2.4444541477175325e-05,-4.0187579810485336e-07,0.00010273003023583113,0.0,0.0001924421675528216,0.0,0.0,0.0
0.007569985000372981,1.3909431498275157e-07,1.9044647776389623e-14,4.6725471960346304e-07,3.9104624447661857e-05,0.0,0.0,3.8965530132679106e-05,-4.6725471960346304e-07,0.00010273003023583113,0.0,0.0001924421675528216,0.011935434572729128,1.6658390320276114e-54,0.0
0.026017707999926643,2.812624698059163e-06,2.281294429831058e-11,1.5895217176984007e-05,0.0008088582983997606,0.0,0.0,0.0008060456737017018,-1.5895217176984007e-05,0.00010273003023583113,0.0,0.001002083160258134,0.01584167065930638,2.2449122956752418e-54,0.0
0.027206622000448988,3.053755800512381e-06,2.664577520035721e-11,1.8247337746389873e-05,0.000954655358535559,0.0,0.0,0.0009516016027350469,-1.8247337746389873e-05,0.00010273003023583113,0.0,0.001002083160258134,0.06703645439711772,8.839054779492066e-54,0.0
0.046053619000304025,4.438845183267763e-06,5.6916539249053324e-11,3.070281358548704e-05,0.002619096834509017,0.0,0.0,0.0026146579893257496,-3.0702813585487045e-05,0.00010273003023583113,0.0,0.0013503928229247203,0.07004734338402477,9.143163507488079e-54,0.0
0.04723412300063501,4.438845183267763e-06,5.6916539249053324e-11,3.070281358548704e-05,0.002860056203985984,0.0,0.0,0.0028556173588027167,-3.0702813585487045e-05,0.00010273003023583113,0.0,0.0013503928229247203,0.11387287971188301,1.1100037483056794e-53,0.0
0.06611634199998662,-0.0033545870420551797,0.00809820094255498,-0.0003266378705694954,0.005398814360410889,0.0,0.0,0.01192488551805397,0.00032663787056949535,0.00010273003023583113,0.0,-0.002894748980814151,0.11897613269128585,1.1009854336968862e-53,0.0
0.06739319400003296,-0.0033545870420551797,0.00809820094255498,-0.0003266378705694954,0.005561925904272784,0.0,0.0,0.012045126052807938,0.00032663787056949535,0.00010273003023583113,0.0,-0.002894748980814151,0.16171518442137764,7.014523055491025e-54,0.0
0.08615681900027994,-0.003352721307100674,0.008098200296580493,-0.0003630078351676741,0.009133679574615864,0.0,0.0,0.014882575550705863,0.0003630078351676741,0.00010273003023583113,0.0,0.0030179692634216323,0.16664453252548417,6.282513917739793e-54,0.0
0.08721068600061699,-0.003352721307100674,0.008098200296580493,-0.0003630078351676741,0.00932393579763461,0.0,0.0,0.015042555746766302,0.0003630078351676741,0.00010273003023583113,0.0,0.0030179692634216323,0.20871105661097886,-7.549715657725577e-55,0.0
0.10619459600002301,-0.003350520633852999,0.008098199503644654,-0.0005556272263214234,0.013815809670367734,0.0,0.0,0.018980614618985276,0.0005556272263214234,0.00010273003023583113,0.0,-0.008820688230119856,0.2108196143330846,-1.0724376038152463e-54,0.0
0.10727119900002435,-0.003350520633852999,0.008098199503644654,-0.0005556272263214234,0.014001465800544137,0.0,0.0,0.019148688425590216,0.0005556272263214234,0.00010273003023583113,0.0,-0.008820688230119856,0.25523091745875764,-4.860781808664628e-54,0.0
0.12604253300014534,-0.0033486164455429576,0.008098198321764736,-0.0008244584600502443,0.019378921434843693,0.0,0.0,0.02412720029682357,0.0008244584600502443,0.00010273003023583113,0.0,-0.021174098207153928,0.2568971945405475,-4.8707592824507964e-54,0.0
0.12765193599989288,-0.003347960946360308,0.008098197775765604,-0.0009815716961787077,0.019657446538907403,0.0,0.0,0.024389128331669143,0.0009815716961787079,0.00010273003023583113,0.0,-0.02720415874922631,0.30097254530122763,-1.815982161780339e-54,0.0
0.14601692700034619,-0.0026499155958046687,0.008097421882942019,-0.0011161544414591599,0.025843167287847992,0.0,0.0,0.029621343881820226,0.0011161544414591599,0.1245343041415093,0.0,-0.0007999374144201199,0.30307693760004617,-1.5610275939651466e-54,0.0
0.14718012499997712,-0.0026499155958046687,0.008097421882942019,-0.0011161544414591599,0.026181467773779516,0.0,0.0,0.029946901478354715,0.0011161544414591599,0.1245343041415093,0.0,-0.0007999374144201199,0.34637893207261683,3.4239002036509396e-54,0.0
0.16621866400055296,0.008985792943456243,0.001259793908453471,-0.0003629609968163823,0.03324381890946445,0.0,0.0,0.024290716425402214,0.0003629609968163823,0.1245343041415093,0.0,0.013840825794583048,0.34858752619343647,3.598346261286087e-54,0.0
0.16750024700013455,0.008985792943456243,0.001259793908453471,-0.0003629609968163823,0.033625321582142084,0.0,0.0,0.024671713605430738,0.0003629609968163823,0.1245343041415093,0.0,0.013840825794583048,0.39176150920891817,4.1470268880532317e-54,0.0
0.18615482600034738,0.011007472915334103,0.0012592052285009497,-0.00018061545411875244,0.041555926364233144,0.0,0.0,0.030574394612600846,0.00018061545411875244,0.1245343041415093,0.0,0.007204509428755719,0.3939550625970875,4.034229317752355e-54,0.0
0.18725706100030948,0.011007472915334103,0.0012592052285009497,-0.00018061545411875244,0.04200529477065231,0.0,0.0,0.031023387268019707,0.00018061545411875244,0.1245343041415093,0.0,0.007204509428755719,0.43698180887907917,4.636723340993837e-55,0.0
0.2062131100001352,0.013745039682348482,0.0012587924440566267,-0.00013722737474230735,0.05077060272065031,0.0,0.0,0.03704695502629705,0.00013722737474230735,0.1245343041415093,0.0,-0.0041632960104120665,0.43929134571615924,2.6051082718341853e-55,0.0
0.20718344900069496,0.013745039682348482,0.0012587924440566267,-0.00013722737474230735,0.05126783394368812,0.0,0.0,0.037543902935044414,0.00013722737474230735,0.1245343041415093,0.0,-0.0041632960104120665,0.48204547424252775,-1.9601707943754147e-54,0.0
0.22607700300068245,0.016325153522599438,0.0012583547388087682,-0.0002388974285509241,0.060911405695285505,0.0,0.0,0.044604005867803345,0.0002388974285509241,0.1245343041415093,0.0,-0.006478320545157974,0.4843547753148231,-1.9702462574572442e-54,0.0
0.22729122800046753,0.016325153522599438,0.0012583547388087682,-0.0002388974285509241,0.06145723534705307,0.0,0.0,0.04514962088941457,0.0002388974285509241,0.1245343041415093,0.0,-0.006478320545157974,0.5270861895027734,-3.5946170901840625e-55,0.0
0.24615851500038843,0.018485788745461935,0.0012577549006649114,-0.0003571919912481007,0.07142882924938924,0.0,0.0,0.05295797848474425,0.0003571919912481007,0.1245343041415093,0.0,-0.007519615902223042,0.5293988720557378,-2.0893333463547943e-55,0.0
0.24726199399992765,0.018485788745461935,0.0012577549006649114,-0.0003571919912481007,0.07260064582914645,0.0,0.0,0.05412947168204903,0.0003571919912481007,0.1245343041415093,0.0,-0.007519615902223042,0.5723043330347053,2.2047380644989085e-54,0.0
0.26597163699989324,0.03364886951562428,0.0017129674270547936,-0.0009620483069415291,0.08331996928459189,0.0,0.0,0.04970062785986596,0.0009620483069415291,0.1245343041415093,0.0,-0.006527762124056964,0.5745210319154278,2.2715182548493297e-54,0.0
0.26750633000028756,0.03364886951562428,0.0017129674270547936,-0.0009620483069415291,0.08457440500834812,0.0,0.0,0.05095433664200552,0.0009620483069415291,0.1245343041415093,0.0,-0.006527762124056964,0.6147287227420754,2.0333619577451303e-54,0.0
0.28643694200036407,0.03660154819559388,0.0017099653778311842,-0.00107870947025046,0.0960547996593986,0.0,0.0,0.059477836974891576,0.0010787094702504603,0.1245343041415093,0.0,-0.0027793650465231974,0.6192589577549605,1.862277044669248e-54,0.0
0.2873769389998415,0.03662714207427168,0.0017099377694611657,-0.001078922969681351,0.09743707815662926,0.0,0.0,0.06083397252782235,0.001078922969681351,0.1245343041415093,0.0,-0.0010388416670360063,0.6592387333961881,1.1299790255011113e-55,0.0
0.30623863300024823,0.042178056851172735,0.0017040458400317193,-0.0010443045466331012,0.10975412734520687,0.0,0.0,0.06759755229029821,0.0010443045466331012,0.6775644489771612,0.0,0.0021634766559104597,0.6638854651562865,-3.9483621559968955e-56,0.0
0.30728936000014073,0.042178056851172735,0.0017040458400317193,-0.0010443045466331012,0.11052199844881015,0.0,0.0,0.06836518211287236,0.0010443045466331012,0.6775644489771612,0.0,0.0021634766559104597,0.7039012484589849,-2.5318918794087533e-55,0.0
0.32600238299983175,0.0543980427534415,0.0016915061211232707,-0.000985104935943406,0.1243769354166484,0.0,0.0,0.06999933293486754,0.000985104935943406,0.6775644489771612,0.0,0.003279878157892053,0.7063203944095476,-2.0482724443530723e-55,0.0
0.3272143080002934,0.0543980427534415,0.0016915061211232707,-0.000985104935943406,0.12517804601455015,0.0,0.0,0.07080021224968432,0.000985104935943406,0.6775644489771612,0.0,0.003279878157892053,0.7485688663383843,1.040979274468159e-54,0.0
0.3461443060004967,0.06547930659700807,0.0016808054790689473,-0.0009319278860842118,0.13980711184547953,0.0,0.0,0.07434680719515244,0.0009319278860842118,0.6775644489771612,0.0,0.001950297527214844,0.7509373147595685,1.1034759226286415e-54,0.0
0.34724830300001486,0.06547930659700807,0.0016808054790689473,-0.0009319278860842118,0.1406947258018274,0.0,0.0,0.07523419696663994,0.0009319278860842118,0.6775644489771612,0.0,0.001950297527214844,0.7929114896758034,1.4545382557087314e-54,0.0
0.36605426400001306,0.10083480754617385,0.007955144700652993,-0.0013784207157210209,0.15623590544976265,0.0,0.0,0.05596933067431983,0.0013784207157210206,0.6775644489771612,0.0,-0.0032362154845063423,0.7953853018806629,1.428469084758881e-54,0.0
0.36742709500049386,0.10083480754617385,0.007955144700652993,-0.0013784207157210209,0.157025401614944,0.0,0.0,0.05675092236263331,0.0013784207157210206,0.6775644489771612,0.0,-0.0032362154845063423,0.8374799822001532,6.614329179578912e-55,0.0
0.38605185899996286,0.11328094920097956,0.007937707671415814,-0.0014824941319181303,0.17346972189208798,0.0,0.0,0.06070992967496151,0.0014824941319181303,0.6775644489771612,0.0,-0.00892631831586617,0.8395618666445691,6.258459132876311e-55,0.0
0.3871657690006032,0.11328094920097956,0.007937707671415814,-0.0014824941319181303,0.17439192841144593,0.0,0.0,0.06162433758783056,0.0014824941319181303,0.6775644489771612,0.0,-0.00892631831586617,0.881754986752996,4.0353543508181e-55,0.0
0.40624579199993605,0.1281594525280053,0.007914676626484802,-0.001679777831870951,0.19161327309817885,0.0,0.0,0.06394551939779365,0.0016797778318709507,0.6775644489771612,0.0,-0.005535187084005823,0.8840601023362594,4.2010849743360714e-55,0.0
0.4072144669999034,0.1281594525280053,0.007914676626484802,-0.001679777831870951,0.19269240803991944,0.0,0.0,0.0650164937012487,0.0016797778318709507,0.6775644489771612,0.0,-0.005535187084005823,0.9260260172970554,9.307194461284073e-55,0.0
0.42608941000071354,0.1443088163839656,0.007887070461475456,-0.0017234776564715082,0.21072777003534143,0.0,0.0,0.0668855984843366,0.001723477656471508,0.6775644489771612,0.0,-0.00020623845373779698,0.9285911376259687,9.593993535890059e-55,0.0
0.42733521800073504,0.14465694308608032,0.007886470505353873,-0.001722731614756634,0.21172670819940767,0.0,0.0,0.06753184292901179,0.0017227316147566342,0.6775644489771612,0.0,0.002912655409702724,0.9704261466238839,1.1058649522234355e-54,0.0
0.44624767700042867,0.1539150135602778,0.007870671222206187,-0.0016629549329796533,0.2307154384070124,0.0,0.0,0.07720267302449436,0.001662954932979653,0.6775644489771612,0.0,0.001204579312010979,0.9726903130886049,1.0965134450343282e-54,0.0
0.4473140030004288,0.1539150135602778,0.007870671222206187,-0.0016629549329796533,0.231802775586314,0.0,0.0,0.07828442334789541,0.001662954932979653,0.6775644489771612,0.0,0.001204579312010979,1.0147217137897258,8.140757714527527e-55,0.0
0.46635078200051794,0.1924181585421823,-0.0013808858661400576,-0.0016708205491210478,0.25152234993849454,0.0,0.0,0.059120320418509356,0.0016708205491210478,0.6775644489771612,0.0,-0.007671197637288537,1.0170743600076293,8.009795853190238e-55,0.0
0.4674820030004412,0.1924181585421823,-0.0013808858661400576,-0.0016708205491210478,0.2526533096215748,0.0,0.0,0.060250977347529745,0.0016708205491210478,0.6775644489771612,0.0,-0.007671197637288537,1.058814446579305,7.725922211430834e-55,0.0
0.48605557000064437,0.20470258920102793,-0.0014017479151551928,-0.0016849959304634583,0.2732055754309263,0.0,0.0,0.0685173264191714,0.0016849959304634583,0.6775644489771612,0.0,0.0008865924314179056,1.0611573123081381,7.815231734032628e-55,0.0
0.4872449200001938,0.20470258920102793,-0.0014017479151551928,-0.0016849959304634583,0.2742347554822136,0.0,0.0,0.06954629425765325,0.0016849959304634583,0.6775644489771612,0.0,0.0008865924314179056,1.1028370361250779,9.810594860842337e-55,0.0
0.5062534490007238,0.21651143550146867,-0.001421593787694615,-0.0016440505985319247,0.29571590135791503,0.0,0.0,0.07921722249929108,0.0016440505985319247,0.6775644489771612,0.0,0.0016806053414793977,1.1048827793332163,9.886643764086323e-55,0.0
0.5073118870004691,0.21651143550146867,-0.001421593787694615,-0.0016440505985319247,0.29689216927329964,0.0,0.0,0.0803933037671371,0.0016440505985319247,0.6775644489771612,0.0,0.0016806053414793977,1.1467050052478756,1.0203300274757322e-54,0.0
0.5260571890003121,0.23101919404977034,-0.0014452296601152252,-0.001620718098221226,0.3179189328752969,0.0,0.0,0.08691175580274052,0.001620718098221226,0.6775644489771612,0.0,-0.002131318021749277,1.1489499442562763,1.0165103252039064e-54,0.0
0.5273151549999966,0.23101919404977034,-0.0014452296601152252,-0.001620718098221226,0.3202467791341456,0.0,0.0,0.08923928859398145,0.001620718098221226,0.6775644489771612,0.0,-0.002131318021749277,1.1883485070993427,9.421624563336399e-55,0.0
0.5461555940000835,0.25568550640611204,-0.001485756149577127,-0.001709579927630817,0.34223037928691247,0.0,0.0,0.08655762527524603,0.001709579927630817,1.4110302947248345,0.0,-0.00755878125258491,1.1926281299092132,9.379126929272695e-55,0.0
0.547435320000659,0.265181838734886,-0.0015020297321992875,-0.0017558310849561528,0.34462233959046235,0.0,0.0,0.07945469948027768,0.0017558310849561528,1.4110302947248345,0.0,-0.006090645862274503,1.2322849439995573,9.641364256711459e-55,0.0
0.5659791500002029,0.32480343184778654,0.0005818955843121766,-0.001604460822706447,0.3673407104558926,0.0,0.0,0.042541258489314594,0.001604460822706447,1.4110302947248345,0.0,-0.0010513183757119861,1.2365231524713647,9.724359823786266e-55,0.0
0.5673717500003477,0.32480343184778654,0.0005818955843121766,-0.001604460822706447,0.37000782941951355,0.0,0.0,0.04520814265476741,0.001604460822706447,1.4110302947248345,0.0,-0.0010513183757119861,1.276036032874085,1.0446271103474585e-54,0.0
0.5862023489999046,0.358644131183037,0.0005281938207046574,-0.0014393209450360867,0.3934488963989712,0.0,0.0,0.03480877289489723,0.0014393209450360867,1.4110302947248345,0.0,0.014009309348765504,1.2805924292844404,1.049740721677401e-54,0.0
0.5877677369999219,0.35935396786786766,0.0005271735619903821,-0.0014336049518495451,0.3959173637326191,0.0,0.0,0.036567196079641984,0.0014336049518495451,1.4110302947248345,0.0,0.006609669178896404,1.3199465536156383,1.0617633123317522e-54,0.0
0.6062618060004752,0.3790295648489857,0.0004993232255273784,-0.0013388998944474976,0.42025466835980896,0.0,0.0,0.04122812733027833,0.0013388998944474978,1.4110302947248345,0.0,0.011836912242691284,1.3240209867920738,1.0607902051730988e-54,0.0
0.6071715349999067,0.3790295648489857,0.0004993232255273784,-0.0013388998944474976,0.42286558141466307,0.0,0.0,0.04383886029574551,0.0013388998944474978,1.4110302947248345,0.0,0.011836912242691284,1.3635152330095082,1.0586194153675573e-54,0.0
0.6259673570002633,0.4149792694772005,0.0004543460694343809,-0.0011742932895629252,0.44806654396250595,0.0,0.0,0.03309039382081688,0.0011742932895629252,1.4110302947248345,0.0,-0.00546914374626663,1.3676831384496762,1.0602819695213285e-54,0.0
0.6273106220005502,0.4149792694772005,0.0004543460694343809,-0.0011742932895629252,0.4506224862503214,0.0,0.0,0.03564611244282467,0.0011742932895629252,1.4110302947248345,0.0,-0.00546914374626663,1.4072528423038926,1.0916739281764336e-54,0.0
0.6462552020002477,0.4354393932345132,0.00042984434849629375,-0.0012470034038224794,0.47669217119979435,0.0,0.0,0.04125501734355132,0.0012470034038224791,1.4110302947248345,0.0,-0.008017689921800065,1.4112013605338334,1.095546145606184e-54,0.0
0.6472960470000544,0.4354393932345132,0.00042984434849629375,-0.0012470034038224794,0.477902572094322,0.0,0.0,0.042465354408553445,0.0012470034038224791,1.4110302947248345,0.0,-0.008017689921800065,1.4508546344531557,1.1291723301364733e-54,0.0
0.666076403000261,0.46499519948852974,-0.006643357281946197,-0.0017931690067599705,0.5061519427340346,0.0,0.0,0.04168946762135491,0.0017931690067599705,1.4110302947248345,0.0,0.0013304295629698857,1.4549390984974528,1.1316110449184329e-54,0.0
0.6674500620001709,0.46499519948852974,-0.006643357281946197,-0.0017931690067599705,0.5079871274127069,0.0,0.0,0.0435021845728836,0.0017931690067599705,1.4110302947248345,0.0,0.0013304295629698857,1.4943567002514115,1.148023663704007e-54,0.0
0.6867937160004658,0.4985152835931143,-0.006703285746267344,-0.0017645743630954405,0.5366568514708336,0.0,0.0,0.0387261312290136,0.0017645743630954405,1.4110302947248345,0.0,0.011390262152300313,1.4970241005472995,1.1490790689412879e-54,0.0
0.6877393300001131,0.4987114137212841,-0.006703631832822549,-0.0017623949652528102,0.5378260210991828,0.0,0.0,0.03968489876612006,0.0017623949652528102,1.4110302947248345,0.0,0.01567934320572087,1.538066477376331,1.1684641535177241e-54,0.0
0.7064200310005617,0.5217740321945449,-0.006742543485711564,-0.001499861555762594,0.5680065867081787,0.0,0.0,0.04672163299278864,0.001499861555762594,1.4110302947248345,0.0,-0.0006619031780239143,1.5397157990636374,1.1694273440059324e-54,0.0
0.7075325209998482,0.5217740321945449,-0.006742543485711564,-0.001499861555762594,0.5690326500529005,0.0,0.0,0.0477371852389602,0.001499861555762594,1.4110302947248345,0.0,-0.0006619031780239143,1.5816909895223332,1.1979149016840462e-54,0.0
0.7262281410003197,0.549610392955719,-0.006784309056159359,-0.0014744468108319466,0.5997947081672831,0.0,0.0,0.0506408169624376,0.0014744468108319466,1.4110302947248345,0.0,-0.005643596036778812,1.583097848589483,1.1988892446171237e-54,0.0
0.7273980010004379,0.549610392955719,-0.006784309056159359,-0.0014744468108319466,0.6012182301489815,0.0,0.0,0.052051855962451224,0.0014744468108319466,1.4110302947248345,0.0,-0.005643596036778812,1.6246895184238912,1.2244641540040146e-54,0.0
0.7462292059999527,0.5815355464798629,-0.00683268097043506,-0.0015701898121611622,0.6327268767677614,0.0,0.0,0.05164530787872656,0.0015701898121611622,1.4110302947248345,0.0,0.0001442192824130334,1.6265872366965146,1.2254638167555843e-54,0.0
0.747220352000113,0.5815355464798629,-0.00683268097043506,-0.0015701898121611622,0.6341473413745166,0.0,0.0,0.053053619021522426,0.0015701898121611622,1.4110302947248345,0.0,0.0001442192824130334,1.6680295927502409,1.2478568213885827e-54,0.0
0.7662019290000899,0.6379731018729223,-0.007705420898535445,-0.0013806464767501842,0.6668062094556053,0.0,0.0,0.029844959442059185,0.0013806464767501842,1.4110302947248345,0.0,-0.009847210230090315,1.669871892514937,1.2488658421333563e-54,0.0
0.7675279539998883,0.6379731018729223,-0.007705420898535445,-0.0013806464767501842,0.669663800181072,0.0,0.0,0.03261401340653654,0.0013806464767501842,1.4110302947248345,0.0,-0.009847210230090315,1.7116879504439702,1.2736097768895518e-54,0.0
0.7860208239999338,0.6819111393509666,-0.0077678121621919845,-0.0013720463613709414,0.7015496614841383,0.0,0.0,0.021118959665716825,0.0013720463613709414,2.040830036384714,0.0,-0.0023084871724291436,1.7152959125585023,1.2758406147214825e-54,0.0
0.7872774940005911,0.6819111393509666,-0.0077678121621919845,-0.0013720463613709414,0.7044177680386499,0.0,0.0,0.023809393958527072,0.0013720463613709414,2.040830036384714,0.0,-0.0023084871724291436,1.7550394038009165,1.3000320027979802e-54,0.0
0.8065502509998623,0.7126021128670622,-0.007810133977854177,-0.001363673242688713,0.7372561580551894,0.0,0.0,0.025861557124238477,0.001363673242688713,2.040830036384714,0.0,0.009444264222946867,1.7585685467818408,1.3021948715009891e-54,0.0
0.8072805850006262,0.7126021128670622,-0.007810133977854177,-0.001363673242688713,0.7381776564890128,0.0,0.0,0.02674147760147762,0.001363673242688713,2.040830036384714,0.0,0.009444264222946867,1.7984672642903976,1.3256209997141364e-54,0.0
0.8261057489999075,0.7602544781061749,-0.00787463485738021,-0.00149504761863785,0.7738060510423396,0.0,0.0,0.01567338518576186,0.00149504761863785,2.040830036384714,0.0,0.009843699457048626,1.7995725101863447,1.3262497746886114e-54,0.0
0.8272428119998949,0.7602544781061749,-0.00787463485738021,-0.00149504761863785,0.7747950647676357,0.0,0.0,0.016535976977382398,0.00149504761863785,2.040830036384714,0.0,0.009843699457048626,1.8418254276482984,1.3513550825504768e-54,0.0
0.8462766450002164,0.7951309354972652,-0.00792464942907526,-0.001357045719933724,0.811167904833105,0.0,0.0,0.017888109292275904,0.001357045719933724,2.040830036384714,0.0,0.0040276067179851665,1.8429834606356401,1.3520968088279458e-54,0.0
0.8473587720000069,0.8065911505067022,-0.00794018942685934,-0.0013340388255444035,0.812305683403668,0.0,0.0,0.009782765169670289,0.0013340388255444035,2.040830036384714,0.0,0.005448708486882377,1.885077395228693,1.37709879921828e-54,0.0
0.8660956000003353,0.838147737224512,-0.00798162342047821,-0.001249317714228879,0.8478901478190256,0.0,0.0,0.012594478020879542,0.001249317714228879,2.040830036384714,0.0,0.013333702985085284,1.8863776029398003,1.3777989276854174e-54,0.0
0.8674516310002218,0.8354867039261683,-0.01044528869878091,-0.0013278953584806956,0.8507112015822478,0.0,0.0,0.01846318999742053,0.0013278953584806956,2.040830036384714,0.0,0.013333702985085284,1.9266095810996517,1.401935895394866e-54,0.0
0.8860221230006573,0.8813348683709321,-0.01050293827685225,-0.0012373501713585568,0.886791656968539,0.0,0.0,0.011835888401228728,0.0012373501713585568,2.040830036384714,0.0,-0.0033438401755248328,1.9297603045669092,1.403739228170584e-54,0.0
0.8873471430006248,0.8813348683709321,-0.01050293827685225,-0.0012373501713585568,0.8899144900409668,0.0,0.0,0.013561770549905964,0.0012373501713585568,2.040830036384714,0.0,-0.0033438401755248328,1.969618292479737,1.427903644934287e-54,0.0
0.9063666620004369,0.9148051426939906,-0.01054503409343364,-0.0013032775570632144,0.9289276766035076,0.0,0.0,0.017625087462396764,0.0013032775570632144,2.040830036384714,0.0,0.0020669287494123377,1.9730271589790649,1.4299530654563567e-54,0.0
0.9072527200005425,0.9148051426939906,-0.01054503409343364,-0.0013032775570632144,0.9298708232947182,0.0,0.0,0.018389466441276002,0.0013032775570632144,2.040830036384714,0.0,0.0020669287494123377,2.015127308640078,1.455075038541276e-54,0.0
0.9278985910004849,0.9579927329183305,-0.010600752108398885,-0.0012512999420863035,0.9684123119287578,0.0,0.0,0.014864170747749738,0.0012512999420863035,2.040830036384714,0.0,-0.0019103632926452195,2.0161321380903487,1.4556594950233305e-54,0.0
0.9308806030003325,0.9752105490639233,-0.01062229677198925,-0.0012674170655646072,0.9708283939105598,0.0,0.0,0.011490712445290952,0.0012674170655646072,2.040830036384714,0.0,-0.0019103632926452195,2.0568232992634368,1.4798555808964408e-54,0.0
0.9478405670006396,1.0057492309832459,-0.010660424039994669,-0.001200187105101885,1.0093806399679144,0.0,0.0,0.011261961282406696,0.001200187105101885,2.040830036384714,0.0,0.005463775336320506,2.0593442327126175,1.4812831411788968e-54,0.0
0.9491356500002439,1.0057492309832459,-0.010660424039994669,-0.001200187105101885,1.0120055617214796,0.0,0.0,0.012360676155399609,0.001200187105101885,2.040830036384714,0.0,0.005463775336320506,2.099179386726114,1.505623466295899e-54,0.0
0.966730957999971,1.0887676040060223,-0.015673641026881246,-0.0010712217991514028,1.052486171592837,0.0,0.0,0.039522213513315085,0.0010712217991514028,2.040830036384714,0.0,-0.0007016821703646186,2.101861386813169,1.5072335175413475e-54,0.0
0.9685726460002115,1.1047933235323613,-0.01569080813355146,-0.0010445190107243286,1.0563483525302335,0.0,0.0,0.05092265385151212,0.0010445190107243286,2.040830036384714,0.0,-0.0007016821703646186,2.142803907728373,1.5317664422519945e-54,0.0
0.9864567069998884,1.131863730268664,-0.01571950486390814,-0.0011483374942498684,1.0943887625493633,0.0,0.0,0.0406383567424799,0.0011483374942498684,2.040830036384714,0.0,-0.022036368923811264,2.146666257811668,1.5341160388922345e-54,0.0
0.9883666189998621,1.131863730268664,-0.01571950486390814,-0.0011483374942498684,1.0989431059011976,0.0,0.0,0.03648109567858753,0.0011483374942498684,2.040830036384714,0.0,-0.022036368923811264,2.184342806349088,1.556524336223588e-54,0.0
1.0068292760006443,1.1824924553100913,-0.015785669344319325,-0.0014167813870771108,1.140293456768567,0.0,0.0,0.0450548869109196,0.001416781387077111,2.040830036384714,0.0,-0.004455066976837771,2.1888053792257565,1.5591108379158377e-54,0.0
1.007557423000435,1.1829055543515363,-0.01578625461574386,-0.0014173162245620678,1.1433612769469503,0.0,0.0,0.042578817623836675,0.0014173162245620678,2.040830036384714,0.0,-0.002642250886343391,2.2289260645813695,1.583627503799778e-54,0.0
1.0261370040007023,1.2122161239901554,-0.01582739057458843,-0.0013665324892898618,1.1853025197024134,0.0,0.0,0.031222562165167306,0.0013665324892898618,2.040830036384714,0.0,0.005213557047715132,2.23186901282368,1.585361754592194e-54,0.0
1.0274293920001583,1.2122161239901554,-0.01582739057458843,-0.0013665324892898618,1.1862373406127595,0.0,0.0,0.03042044506857571,0.0013665324892898618,2.040830036384714,0.0,0.005213557047715132,2.271752831124108,1.6092870803334922e-54,0.0
1.0460141009998551,1.277712715987539,-0.015914608108340472,-0.0013118240667246359,1.2312967294977397,0.0,0.0,0.049068508771545984,0.0013118240667246359,2.847709722091352,0.0,-0.00866617918806288,2.272631337121532,1.61004322255108e-54,0.0
1.0472770800006401,1.277712715987539,-0.015914608108340472,-0.0013118240667246359,1.2320676740449792,0.0,0.0,0.04833988627603607,0.0013118240667246359,2.847709722091352,0.0,-0.00866617918806288,2.314664818425269,1.634979477826061e-54,0.0
1.0661759370004802,1.3737504594339542,-0.023023433704904867,-0.0016780653550975738,1.2780786238149064,0.0,0.0,0.09840314339634813,0.001678065355097574,2.847709722091352,0.0,-0.014037126205953732,2.315374345295891,1.6353588298570572e-54,0.0
1.0674329829998896,1.3737504594339542,-0.023023433704904867,-0.0016780653550975738,1.2791224756028985,0.0,0.0,0.09738857131868553,0.001678065355097574,2.847709722091352,0.0,-0.014037126205953732,2.357479015241731,1.6611054921147112e-54,0.0
1.086263467000208,1.437622291634312,-0.02313521317275327,-0.0017773313918507257,1.3257109699958844,0.0,0.0,0.11427765310596957,0.0017773313918507257,2.847709722091352,0.0,-0.00048142444489946215,2.3584221911786045,1.6616127236148237e-54,0.0
1.0872518330006642,1.437622291634312,-0.02313521317275327,-0.0017773313918507257,1.3268737914868294,0.0,0.0,0.11313915490874807,0.0017773313918507257,2.847709722091352,0.0,-0.00048142444489946215,2.400249615000683,1.6866426020507977e-54,0.0
1.1062479900001563,1.5019055632771432,-0.023248783518816287,-0.0017374135684940296,1.3745084736307687,0.0,0.0,0.12950105939903028,0.0017374135684940298,2.847709722091352,0.0,0.0021916295764042733,2.4012821131467867,1.6874460508390455e-54,0.0
1.1072101970003132,1.5019055632771432,-0.023248783518816287,-0.0017374135684940296,1.3755678573278327,0.0,0.0,0.12845902801920628,0.0017374135684940298,2.847709722091352,0.0,0.0021916295764042733,2.443256571620336,1.7124457032422626e-54,0.0
1.1260333290001654,1.552866564160412,-0.023336156436808062,-0.001720872874315365,1.421429564899368,0.0,0.0,0.13349255024903398,0.001720872874315365,2.847709722091352,0.0,0.008166048366470797,2.444179131923515,1.7129672899307656e-54,0.0
1.1272648260001006,1.552866564160412,-0.023336156436808062,-0.001720872874315365,1.425379869608018,0.0,0.0,0.12960491304398375,0.001720872874315365,2.847709722091352,0.0,0.008166048366470797,2.483878821385196,1.7372941587961494e-54,0.0
1.1461733810001533,1.6015320502296788,-0.023418828574697452,-0.0016839109785905801,1.4718776326279719,0.0,0.0,0.13175245551961784,0.00168391097859058,2.847709722091352,0.0,0.003051311124025619,2.4872644061396088,1.7392707082342353e-54,0.0
1.1474826359999497,1.61960830706575,-0.02344923808166114,-0.0016302912008246688,1.4759932746071334,0.0,0.0,0.14551681797888505,0.0016302912008246688,2.847709722091352,0.0,0.008686054728864852,2.5267887693083053,1.7627713369663683e-54,0.0
1.166382414000509,1.6557120628935453,-0.016053357729357957,-0.0015602174679909243,1.5233564892541676,0.0,0.0,0.13332557207001022,0.0015602174679909243,2.847709722091352,0.0,-0.0015732402492091618,2.530255085096995,1.765130121256717e-54,0.0
1.1676758600005996,1.6557120628935453,-0.016053357729357957,-0.0015602174679909243,1.5271744115747463,0.0,0.0,0.12953624242249692,0.0015602174679909243,2.847709722091352,0.0,-0.0015732402492091618,2.5698051533468393,1.7887209768539445e-54,0.0
1.1860347600004388,1.7230411089967463,-0.016158230872392182,-0.0015048301423069709,1.575277113903958,0.0,0.0,0.14864483398593803,0.0015048301423069709,2.847709722091352,0.0,0.012791668252921844,2.5729627982507544,1.7905317799390825e-54,0.0
1.1873417370006791,1.7230411089967463,-0.016158230872392182,-0.0015048301423069709,1.5793118513238014,0.0,0.0,0.14463467058814544,0.0015048301423069709,2.847709722091352,0.0,0.012791668252921844,2.6124409591962956,1.814715650877369e-54,0.0
1.206407935000243,1.7685026673729447,-0.016223890478814413,-0.001375047268637289,1.6282159629357487,0.0,0.0,0.14122171951976,0.001375047268637289,2.847709722091352,0.0,0.0008852360160172288,2.615722040258071,1.8166728731333544e-54,0.0
1.2076209639999433,1.7875953152784472,-0.016250127634199002,-0.0013380715959931716,1.6297374979150403,0.0,0.0,0.1586920198083901,0.0013380715959931716,2.847709722091352,0.0,0.005506267730462571,2.655172049633777,1.8402436033288118e-54,0.0
1.2260038020003776,1.8267263848892359,-0.016302682147811894,-0.0013588503204173472,1.6817483950196321,0.0,0.0,0.14589172352071078,0.0013588503204173472,2.847709722091352,0.0,0.0016327893012571286,2.658637654757857,1.8423834408057842e-54,0.0
1.2271811050004544,1.8267263848892359,-0.016302682147811894,-0.0013588503204173472,1.6835342687998702,0.0,0.0,0.14411717300642196,0.0013588503204173472,2.847709722091352,0.0,0.0016327893012571286,2.6976615021476893,1.865661193396175e-54,0.0
1.2461889480000536,1.8855530046687903,-0.016383780274806945,-0.0014429655738572977,1.7365234696326788,0.0,0.0,0.14992741766992698,0.0014429655738572977,2.847709722091352,0.0,-0.002061407641351708,2.699064732726691,1.8664854141784283e-54,0.0
1.2472913380006503,1.8855530046687903,-0.016383780274806945,-0.0014429655738572977,1.7382301751908822,0.0,0.0,0.14823105053081806,0.0014429655738572977,2.847709722091352,0.0,-0.002061407641351708,2.740423670133154,1.8916940122497114e-54,0.0
1.2665165610005715,1.9918556174583013,-0.01903009421599312,-0.001855763843268972,1.79178908692575,0.0,0.0,0.2009695527317555,0.0018557638432689723,2.847709722091352,0.0,0.0014539977082337224,2.741743236096646,1.8925170825358983e-54,0.0
1.26766279200001,1.9918556174583013,-0.01903009421599312,-0.001855763843268972,1.7938475544533758,0.0,0.0,0.19892043007401755,0.0018557638432689723,2.847709722091352,0.0,0.0014539977082337224,2.782867207927826,1.917042049584894e-54,0.0
1.2863897090001046,2.045280540381156,-0.019126425231191457,-0.0017008900960998091,1.8482189669987308,0.0,0.0,0.1979875850806844,0.0017008900960998091,3.613834147475644,0.0,0.008531103408545978,2.7844343925703843,1.9180898214108313e-54,0.0
1.2875069320007242,2.045280540381156,-0.019126425231191457,-0.0017008900960998091,1.850136903425884,0.0,0.0,0.1960787066110322,0.0017008900960998091,3.613834147475644,0.0,0.008531103408545978,2.825514645551865,1.9425212258698832e-54,0.0
1.3064728059998743,2.132909122259506,-0.019267283570295765,-0.0013798987508328263,1.905444809348896,0.0,0.0,0.2282788686323681,0.001379898750832826,3.613834147475644,0.0,0.011556077531632146,2.8269508504557903,1.9433269142301565e-54,0.0
1.307425384000453,2.1334614106685277,-0.019268045672865188,-0.0013787391855565874,1.9073062254677056,0.0,0.0,0.22697450380443565,0.0013787391855565876,3.613834147475644,0.0,0.016805650521752806,2.868085478542369,1.9684297057625622e-54,0.0
1.3261408030002713,2.1868076478924046,-0.01934026234695735,-0.0013029701106171197,1.9632170477325754,0.0,0.0,0.2244254937111239,0.0013029701106171197,3.613834147475644,0.0,0.007886462784048167,2.869457208578595,1.9692200122542009e-54,0.0
1.3272222330006116,2.1868076478924046,-0.01934026234695735,-0.0013029701106171197,1.9653407710895465,0.0,0.0,0.22230974622913283,0.0013029701106171197,3.613834147475644,0.0,0.007886462784048167,2.9103948777865964,1.9935795956898588e-54,0.0
1.3461712810003519,2.2764377832351292,-0.019451423406374888,-0.001157662163246193,2.0189361319974894,0.0,0.0,0.25823527695232723,0.0011576621632461933,3.613834147475644,0.0,0.006927655841003502,2.911937046715406,1.9946633333768502e-54,0.0
1.3473700530003043,2.2764377832351292,-0.019451423406374888,-0.001157662163246193,2.024483938589328,0.0,0.0,0.2527035767541381,0.0011576621632461933,3.613834147475644,0.0,-0.0007748683310870343,2.952831508027765,2.0189188500479846e-54,0.0
1.3661015410007167,2.3304750404459047,-0.019514038097400682,-0.0011243957199560083,2.0785572262640915,0.0,0.0,0.25267248125787145,0.0011243957199560083,3.613834147475644,0.0,0.011241346697795203,2.954565874651259,2.0199055096865775e-54,0.0
1.3674519229998623,2.3304750404459047,-0.019514038097400682,-0.0011243957199560083,2.0843920802091085,0.0,0.0,0.2468554658130369,0.0011243957199560083,3.613834147475644,0.0,0.011241346697795203,2.99298572528683,2.0433571216245373e-54,0.0
1.3863423220000186,2.41078552491298,-0.03211758594456857,-0.0008206382887935054,2.138993578726274,0.0,0.0,0.27368303078353967,0.0008206382887935053,3.613834147475644,0.0,-0.0006681107361083856,2.9970978797714443,2.0457505453494265e-54,0.0
1.38722923000023,2.41078552491298,-0.03211758594456857,-0.0008206382887935054,2.1451629243812995,0.0,0.0,0.26755729337866946,0.0008206382887935053,3.613834147475644,0.0,-0.0006681107361083856,3.0353136814739172,2.0683309673412922e-54,0.0
1.4062705760006793,2.4754842983257452,-0.03217194366278452,-0.0009595101543634969,2.200627699820721,0.0,0.0,0.276733054947893,0.0009595101543634969,3.613834147475644,0.0,-0.016177906540155534,3.039599086720941,2.0711580268695988e-54,0.0
1.4072613470007127,2.4754842983257452,-0.03217194366278452,-0.0009595101543634969,2.2032941757076996,0.0,0.0,0.27408483506000125,0.0009595101543634969,3.613834147475644,0.0,-0.016177906540155534,3.077850562654575,2.0938383088243248e-54,0.0
1.4261796119999417,2.565640888283281,-0.03227132990123778,-0.0012378165713983558,2.2628205961966836,0.0,0.0,0.3045350029684709,0.0012378165713983558,3.613834147475644,0.0,0.0007251426132431496,3.0819033417333097,2.0961580700310465e-54,0.0
1.4272393110004487,2.565640888283281,-0.03227132990123778,-0.0012378165713983558,2.2655468154909966,0.0,0.0,0.30182427214963237,0.0012378165713983558,3.613834147475644,0.0,0.0007251426132431496,3.1201527705193035,2.1194052551429094e-54,0.0
1.4464909200005422,2.639170220329448,-0.0323620272455841,-0.0011668083387927019,2.3259885920926986,0.0,0.0,0.3148492227598243,0.0011668083387927019,3.613834147475644,0.0,0.009929202111715867,3.1219913610826384,2.1204905574252683e-54,0.0
1.4475404830000116,2.6404927834173857,-0.03236356843211008,-0.0011618053041302125,2.3287547069678336,0.0,0.0,0.3134135109884809,0.0011618053041302125,3.613834147475644,0.0,0.008194259403603956,3.162504680951377,2.144606359939855e-54,0.0
1.4664990600003875,2.6769455156978355,-0.053442815642082205,-8.50299353339529e-05,2.3896390243797394,0.0,0.0,0.2922347592215354,8.50299353339529e-05,3.613834147475644,0.0,0.004955379794981986,3.1643445951681795,2.1458093179710318e-54,0.0
1.4679086300002382,2.6978532274680536,-0.05344458385809055,-6.483315623270801e-05,2.3925602463483733,0.0,0.0,0.30993568343239525,6.483315623270801e-05,3.613834147475644,0.0,0.003258106202113258,3.204582245850395,2.169548918903992e-54,0.0
1.4860765140001604,2.749144585133593,-0.05344535932723687,6.624427669085092e-05,2.4553958989075877,0.0,0.0,0.29857109219266614,-6.624427669085092e-05,3.613834147475644,0.0,0.009211952638257095,3.2064974665754264,2.1706349062870093e-54,0.0
1.487250607000533,2.749144585133593,-0.05344535932723687,6.624427669085092e-05,2.457355394261566,0.0,0.0,0.2966434532285682,-6.624427669085092e-05,3.613834147475644,0.0,0.009211952638257095,3.247448855859746,2.195436596611471e-54,0.0
1.5063184569999066,2.832810757610261,-0.053435319300540386,9.418159327075202e-05,2.5211020489307705,0.0,0.0,0.31625567570462065,-9.418159327075204e-05,3.613834147475644,0.0,0.0055618253258368534,3.248714879812499,2.1961564278877105e-54,0.0
1.5074278500005676,2.832810757610261,-0.053435319300540386,9.418159327075202e-05,2.5229941769488082,0.0,0.0,0.31439091431131594,-9.418159327075204e-05,3.613834147475644,0.0,0.0055618253258368534,3.289688255325751,2.2203796426082078e-54,0.0
1.526204114000393,2.893656454791507,-0.05342705315466873,0.0002227274091074332,2.584217828034908,0.0,0.0,0.31401705962861587,-0.0002227274091074332,3.613834147475644,0.0,0.005583148380842162,3.290895072729458,2.2212589584603994e-54,0.0
1.527377408000575,2.893656454791507,-0.05342705315466873,0.0002227274091074332,2.588948129950306,0.0,0.0,0.3093567733803849,-0.0002227274091074332,3.613834147475644,0.0,0.005583148380842162,3.3319409075526005,2.2454212837813424e-54,0.0
1.5464670350002052,2.980224291590641,-0.053404954177084914,0.00023938051993492007,2.6516219210395726,0.0,0.0,0.33291381326469216,-0.00023938051993492007,4.377430869699907,0.0,0.011304544330810106,3.3327071157646384,2.2458493384964425e-54,0.0
1.547572892000062,2.980224291590641,-0.053404954177084914,0.00023938051993492007,2.655904291502955,0.0,0.0,0.32868762007038416,-0.00023938051993492007,4.377430869699907,0.0,0.011304544330810106,3.3719350480433326,2.2695823614240178e-54,0.0
1.5663710759999958,3.1974506404743526,-0.052243355633617726,-0.000475952016316938,2.719625461610692,0.0,0.0,0.48067272625347673,0.000475952016316938,4.377430869699907,0.0,-0.011056217696117893,3.3745956155401173,2.2711172647053307e-54,0.0
1.5674699850005709,3.198823054333751,-0.05224400960546257,-0.00047756218815507405,2.7239375925766427,0.0,0.0,0.47775060264526875,0.00047756218815507405,4.377430869699907,0.0,-0.0035731541648114226,3.4139516069307185,2.2941787072466e-54,0.0
1.5862688130000606,3.2844334956655707,-0.05229291245974053,-0.0007636047690286409,2.788580002759373,0.0,0.0,0.4986032843060693,0.0007636047690286409,4.377430869699907,0.0,-0.008097549652999202,3.416597597996681,2.2960377936537313e-54,0.0
1.5873254100006307,3.2844334956655707,-0.05229291245974053,-0.0007636047690286409,2.7929861400944156,0.0,0.0,0.4942216628107306,0.0007636047690286409,4.377430869699907,0.0,-0.008097549652999202,3.4560043932491564,2.3192020003220728e-54,0.0
1.6062732340005823,3.3681215027076243,-0.05235803388280734,-0.0007171811478481161,2.8582996202305657,0.0,0.0,0.5125033810274084,0.0007171811478481161,4.377430869699907,0.0,0.004393517927808219,3.4586715445028977,2.320706161605004e-54,0.0
1.607199493000735,3.3681215027076243,-0.05235803388280734,-0.0007171811478481161,2.8627802340832207,0.0,0.0,0.5080464166658347,0.0007171811478481161,4.377430869699907,0.0,0.004393517927808219,3.49797867293414,2.3444157949615745e-54,0.0
1.6263536810001824,3.438325419893385,-0.05240699112122138,-0.0006389302394308085,2.928765687493877,0.0,0.0,0.5122476096590769,0.0006389302394308085,4.377430869699907,0.0,0.02315060126144718,3.50065658367327,2.345959011716082e-54,0.0
1.6273104550000426,3.438325419893385,-0.05240699112122138,-0.0006389302394308085,2.9331394952581715,0.0,0.0,0.5078969493587406,0.0006389302394308085,4.377430869699907,0.0,0.02315060126144718,3.539860646764191,2.3688726351944093e-54,0.0
1.6464261480005007,3.5469277105197317,-0.05245946427494989,-0.000378890402241145,3.000549515339435,0.0,0.0,0.5488908157006209,0.000378890402241145,4.377430869699907,0.0,0.013289405178678078,3.5424423984903393,2.3705097169786574e-54,0.0
1.647238324000682,3.5469277105197317,-0.05245946427494989,-0.000378890402241145,3.004634528086722,0.0,0.0,0.5448246425276082,0.000378890402241145,4.377430869699907,0.0,0.013289405178678078,3.581992379057567,2.393853934740855e-54,0.0
1.666164217000187,3.613063451431629,-0.052480287547530875,-0.00025873039152481505,3.0731879048462383,0.0,0.0,0.5424203041755957,0.00025873039152481505,4.377430869699907,0.0,-0.006492615412944771,3.5843723542217143,2.3952071038268832e-54,0.0
1.6675376520006466,3.613063451431629,-0.052480287547530875,-0.00025873039152481505,3.0769644057239796,0.0,0.0,0.5386616446246417,0.00025873039152481505,4.377430869699907,0.0,-0.006492615412944771,3.624095756887095,2.419066118981195e-54,0.0
1.6860569979999127,3.7136473035202977,-0.052514060957272006,-0.00034404805817020033,3.1462338733791064,0.0,0.0,0.5698383343570496,0.00034404805817020033,4.377430869699907,0.0,-0.00781881218040926,3.6262689844175537,2.420337311843303e-54,0.0
1.687157541000488,3.7136473035202977,-0.052514060957272006,-0.00034404805817020033,3.149896304310896,0.0,0.0,0.5661915892238446,0.00034404805817020033,4.377430869699907,0.0,-0.00781881218040926,3.665912923223455,2.443576156568006e-54,0.0
1.7065701410001566,3.8033153252599963,-0.054331854573055116,-0.0005815859949678448,3.220226416542039,0.0,0.0,0.5856147418663964,0.0005815859949678448,4.377430869699907,0.0,-0.025549927515086574,3.6679955213764033,2.444907254471336e-54,0.0
1.7072971249999682,3.827412406505739,-0.05434586909960734,-0.0006819373215287874,3.224515749267592,0.0,0.0,0.6053411044998706,0.0006819373215287873,4.377430869699907,0.0,-0.025549927515086574,3.7077598472753843,2.468135627634107e-54,0.0
1.7260787510003865,3.888570914062256,-0.05439285443984762,-0.0009134505820870439,3.29532353580354,0.0,0.0,0.5957357085360544,0.0009134505820870439,4.377430869699907,0.0,-0.014645416369863527,3.7101685216071116,2.4694898259442693e-54,0.0
1.7275023050005984,3.915346021929918,-0.054417332693132786,-0.000946200028700622,3.2994942978007287,0.0,0.0,0.6182512371280223,0.000946200028700622,4.377430869699907,0.0,-0.005676751078551463,3.7497241713000506,2.4932234585040883e-54,0.0
1.7462142459999086,4.0001183811241106,-0.05449637286515218,-0.0010046803307722345,3.36740132919051,0.0,0.0,0.6350596211876521,0.0010046803307722345,4.377430869699907,0.0,-0.020642892461548646,3.752038574179472,2.494568493632794e-54,0.0
1.7471991270003855,4.0001183811241106,-0.05449637286515218,-0.0010046803307722345,3.3750267668942096,0.0,0.0,0.6274626529411939,0.0010046803307722345,4.377430869699907,0.0,-0.020642892461548646,3.789530109204903,2.5163074583417008e-54,0.0
1.7659775870006342,4.04401815935006,-0.06326155956771057,-0.00083560362724626,3.444676449483833,0.0,0.0,0.602671145903229,0.00083560362724626,4.377430869699907,0.0,-0.006424929130544871,3.7937153209861076,2.5189757963748013e-54,0.0
1.7675220940000145,4.04401815935006,-0.06326155956771057,-0.00083560362724626,3.4516295370153913,0.0,0.0,0.5957569175347487,0.00083560362724626,4.377430869699907,0.0,-0.006424929130544871,3.8317177504604922,2.541163936828667e-54,0.0
1.786238067999875,4.117180591591368,-0.0633245825294276,-0.0008689628669550686,3.5219772833423013,0.0,0.0,0.5985624285763015,0.0008689628669550687,5.099919359339525,0.0,0.007433276106511554,3.835487311622178,2.5432798904965606e-54,0.0
1.7872819560006974,4.117180591591368,-0.0633245825294276,-0.0008689628669550686,3.5290792545429412,0.0,0.0,0.5915007906931941,0.0008689628669550687,5.099919359339525,0.0,0.007433276106511554,3.8734285774402557,2.565985248678241e-54,0.0
1.8061649979999856,4.225332593261325,-0.06341359788696417,-0.0007541530378288071,3.6001280542924383,0.0,0.0,0.6284122850042543,0.0007541530378288071,5.099919359339525,0.0,0.032759427635911574,3.87723538846685,2.5682125831532653e-54,0.0
1.8072367840004517,4.225332593261325,-0.06341359788696417,-0.0007541530378288071,3.603472122775641,0.0,0.0,0.6250853774882643,0.0007541530378288071,5.099919359339525,0.0,0.032759427635911574,3.9148698749628075,2.5566235533170485e-54,0.0
1.8260519860004933,4.318528854244089,-0.06346605657427062,-0.0002452308425545535,3.679137963320398,0.0,0.0,0.642532996610509,0.0002452308425545535,5.099919359339525,0.0,0.010939801593844759,3.9166451348634217,2.5580919145740604e-54,0.0
1.8271961250002278,4.318528854244089,-0.06346605657427062,-0.0002452308425545535,3.6824328931759585,0.0,0.0,0.6392542624216734,0.0002452308425545535,5.099919359339525,0.0,0.010939801593844759,3.955706846332161,2.535428342245679e-54,0.0
1.846165063000626,4.426460810132947,-0.06348465640400372,-3.277946508358995e-05,3.7587509870898064,0.0,0.0,0.6707210369349068,3.277946508358996e-05,5.099919359339525,0.0,0.004431726256407191,3.9574355726296915,2.5363482679683761e-54,0.0
1.8472484680005437,4.426460810132947,-0.06348465640400372,-3.277946508358995e-05,3.762267260177526,0.0,0.0,0.6672206332249614,3.277946508358996e-05,5.099919359339525,0.0,0.004431726256407191,3.9964124519953823,2.5776245270175922e-54,0.0
1.866798117000144,4.574321159885245,-0.06651888830494171,-0.0010222486867750794,3.8394307840435062,0.0,0.0,0.7378947262354822,0.0010222486867750794,5.099919359339525,0.0,-0.00665184025909811,3.9982352244062302,2.578642998872425e-54,0.0
1.8677068460001465,4.574916958182264,-0.06651949735918057,-0.00102347275198508,3.8434144087823574,0.0,0.0,0.7345208120315455,0.00102347275198508,5.099919359339525,0.0,-0.010477758380746244,4.0372103238705055,2.6078195579799818e-54,0.0
1.8860968039998625,4.655719366356218,-0.06660214688906047,-0.0010371302756339087,3.9208712635016454,0.0,0.0,0.7378601359601941,0.0010371302756339087,5.099919359339525,0.0,0.0077205851562447535,4.039248915558092,2.6090727487949992e-54,0.0
1.8872115760004817,4.655719366356218,-0.06660214688906047,-0.0010371302756339087,3.924929991479952,0.0,0.0,0.7338180676450228,0.0010371302756339087,5.099919359339525,0.0,0.0077205851562447535,4.077947774212664,2.6276453351615e-54,0.0
1.9062329190001037,4.767401146697784,-0.06671831549479221,-0.0012760098580735886,4.003127872375201,0.0,0.0,0.7671798820786593,0.0012760098580735886,5.099919359339525,0.0,-0.014929310805695345,4.080000845563681,2.628746162319265e-54,0.0
1.9073814900002617,4.77670532474455,-0.06673018201626794,-0.0012641590547329972,4.007358279926058,0.0,0.0,0.7722355810002999,0.0012641590547329972,5.099919359339525,0.0,0.0015870497775759343,4.118654749706968,2.6500828086210603e-54,0.0
1.9260000000003856,4.872210564533292,-0.06683793776666387,-0.0009518277368101906,4.085963715500854,0.0,0.0,0.7890826430345166,0.0009518277368101906,5.099919359339525,0.0,0.006072383274619161,4.120770791026377,2.651283243322129e-54,0.0
1.927407005000532,4.872210564533292,-0.06683793776666387,-0.0009518277368101906,4.090453468394761,0.0,0.0,0.7846091175151155,0.0009518277368101906,5.099919359339525,0.0,0.006072383274619161,4.159212044509416,2.673609907281559e-54,0.0
1.9460118790002525,4.9772960138144455,-0.06694047045864104,-0.0011042629224103293,4.1700275401723,0.0,0.0,0.8100391441910346,0.001104262922410329,5.099919359339525,0.0,-0.019074498230690583,4.161432762541718,2.674980023951087e-54,0.0
1.9471932699998433,4.9772960138144455,-0.06694047045864104,-0.0011042629224103293,4.1748118292179175,0.0,0.0,0.805271316459725,0.001104262922410329,5.099919359339525,0.0,-0.019074498230690583,4.19993982152014,2.6968661181221005e-54,0.0
1.9660959540005933,5.061028757119753,-0.06704323019050398,-0.0014269318722358502,4.25059135500902,0.0,0.0,0.813205741159253,0.0014269318722358502,5.099919359339525,0.0,-0.02413601134217251,4.202278143840863,2.6981308602694486e-54,0.0
1.967657746000441,5.065301479932363,-0.06704932707900456,-0.0014530865018287653,4.259371363527887,0.0,0.0,0.8087143901214322,0.0014530865018287653,5.099919359339525,0.0,-0.03121811824703527,4.240757653790546,2.7203415886406505e-54,0.0
1.986891805000596,5.106890782217092,-0.07934590153204658,-0.001432845653871714,4.335937380517374,0.0,0.0,0.7750257542058194,0.001432845653871714,5.099919359339525,0.0,-0.0035321160083154213,4.242798913721055,2.721483993690511e-54,0.0
1.9881594890002816,5.106890782217092,-0.07934590153204658,-0.001432845653871714,4.342984640162739,0.0,0.0,0.7680158630902737,0.001432845653871714,5.099919359339525,0.0,-0.0035321160083154213,4.279093820555216,2.7416564181508455e-54,0.0
2.0172180700001263,5.215542459396313,-0.07949500605484351,-0.0011929654052428666,4.422487188721076,0.0,0.0,0.797029559259525,0.0011929654052428666,5.099919359339525,0.0,0.008169244421157738,4.282454415265819,2.7436716312117995e-54,0.0
2.0186729180004477,5.216487225088657,-0.0794961331281652,-0.001188113567096207,4.431010499346608,0.0,0.0,0.7894892791322632,0.0011881135670962068,5.099919359339525,0.0,0.015459713467381729,4.3197613113389535,2.7645769340956266e-54,0.0
2.0264100600006714,5.33878515615287,-0.07962507559341808,-0.0009710724999219172,4.50972991128645,0.0,0.0,0.8328701889873217,0.0009710724999219172,5.099919359339525,0.0,0.0016514946401358643,4.3237755375338285,2.766747134543137e-54,0.0
2.02929858600055,5.343122324792164,-0.0796292885755489,-0.0009762861416390077,4.520867990840631,0.0,0.0,0.8261010914537805,0.0009762861416390077,5.099919359339525,0.0,-0.011880437385019383,4.360339976351828,2.78793161443878e-54,0.0
2.0469070059998558,5.419783914384156,-0.07970758794105484,-0.0010470733649247416,4.598743917719636,0.0,0.0,0.8248999792085434,0.0010470733649247416,5.7317619829444375,0.0,-0.00930942608130426,4.365517910452861,2.790534723798846e-54,0.0
2.0481714960005775,5.419783914384156,-0.07970758794105484,-0.0010470733649247416,4.605348921652048,0.0,0.0,0.8183261311738304,0.0010470733649247416,5.7317619829444375,0.0,-0.00930942608130426,4.3987549567322715,2.4618539273894204e-54,0.0
2.068515128999934,5.644286351621657,-0.0829274295463461,-0.0016064113580481756,4.688074164676704,0.0,0.0,0.9598013883263636,0.0016064113580481756,5.7317619829444375,0.0,-0.003624763099056603,4.40049378775347,2.2984762771173387e-54,0.0
2.070425181000246,5.645922120092681,-0.08293005726565741,-0.0016084001052532608,4.692351146470152,0.0,0.0,0.9571703067550223,0.0016084001052532608,5.7317619829444375,0.0,-0.006968596789705833,4.428234870591607,1.7824708700773633e-54,0.0
2.086427805000312,5.73484806357247,-0.08307666611218792,-0.001671105490241577,4.773527827704368,0.0,0.0,0.9649032740859678,0.001671105490241577,5.7317619829444375,0.0,0.008457936451979713,4.429528365908282,1.7848983079062e-54,0.0
2.087805273000413,5.73484806357247,-0.08307666611218792,-0.001671105490241577,4.781317941144883,0.0,0.0,0.9571423231834881,0.001671105490241577,5.7317619829444375,0.0,0.008457936451979713,4.456481989943438,1.9523563964251612e-54,0.0
2.1065225420006755,5.861030454615623,-0.08327672911157624,-0.001580639746854229,4.864376361171486,0.0,0.0,1.0001271897066282,0.001580639746854229,5.7317619829444375,0.0,0.014326286057788866,4.45891445910511,1.972674871570119e-54,0.0
2.107286068000576,5.861030454615623,-0.08327672911157624,-0.001580639746854229,4.872429116812668,0.0,0.0,0.9921026250934498,0.001580639746854229,5.7317619829444375,0.0,0.014326286057788866,4.486287727010449,2.0653250137967868e-54,0.0
2.1261531890004335,5.964075684283358,-0.08343228518618448,-0.0013979931645913563,4.95438223731394,0.0,0.0,1.013134642120372,0.0013979931645913563,5.7317619829444375,0.0,0.008106883234795718,4.488789931710132,2.06793618966936e-54,0.0
2.127389103000496,5.964075684283358,-0.08343228518618448,-0.0013979931645913563,4.958435391462519,0.0,0.0,1.0090953100456725,0.0013979931645913563,5.7317619829444375,0.0,0.008106883234795718,4.515604070020869,2.058116398824135e-54,0.0
2.1461728029998994,6.087325485471984,-0.08360001490928189,-0.001243018367509824,5.04522524687337,0.0,0.0,1.045448166950481,0.001243018367509824,5.7317619829444375,0.0,-0.01711416106253241,4.516789694553454,2.0570305205978635e-54,0.0
2.147355778000019,6.087325485471984,-0.08360001490928189,-0.001243018367509824,5.049602989143244,0.0,0.0,1.041084502756421,0.001243018367509824,5.7317619829444375,0.0,-0.01711416106253241,4.5449810349652076,2.0559877056176942e-54,0.0
2.166461666000032,6.203342863087519,-0.0934478112167686,-0.002138497152213771,5.136354436169612,0.0,0.0,1.0710727317031061,0.002138497152213771,5.7317619829444375,0.0,-0.026240996090842534,4.546263081720948,2.0562875815610268e-54,0.0
2.1678928350002025,6.23919717734066,-0.09352465663597868,-0.0023051154391093374,5.141054426040114,0.0,0.0,1.1021181259886852,0.0023051154391093374,5.7317619829444375,0.0,-0.026523388305156263,4.574237343873995,2.0698716259995856e-54,0.0
2.1861684230007086,6.3172643566466915,-0.09370609525332675,-0.002385134508123109,5.22837348141527,0.0,0.0,1.0929154452426213,0.002385134508123109,5.7317619829444375,0.0,-0.023661009827781024,4.575613724533882,2.0707175693431408e-54,0.0
2.1872585680002885,6.3172643566466915,-0.09370609525332675,-0.002385134508123109,5.232648329364438,0.0,0.0,1.0886564007643382,0.002385134508123109,5.7317619829444375,0.0,-0.023661009827781024,4.603568717702878,2.083508585478351e-54,0.0
2.206282664000355,6.460499746199748,-0.09406262210662775,-0.002377648612067508,5.320967663322279,0.0,0.0,1.1434076896648175,0.002377648612067508,5.7317619829444375,0.0,-0.00616576792197487,4.604799726267351,2.0840143751622134e-54,0.0
2.207185646000653,6.460499746199748,-0.09406262210662775,-0.002377648612067508,5.32539632173844,0.0,0.0,1.138994100555996,0.002377648612067508,5.7317619829444375,0.0,-0.00616576792197487,4.632875950604705,2.0953059761232658e-54,0.0
2.2264147310006592,6.577811648645776,-0.09433462900074029,-0.0020757325557424944,5.414027186887602,0.0,0.0,1.1676015140699627,0.0020757325557424944,5.7317619829444375,0.0,-0.005000483280725846,4.6341471484288395,2.095800143194857e-54,0.0
2.2271856820007088,6.577811648645776,-0.09433462900074029,-0.0020757325557424944,5.4188447456153055,0.0,0.0,1.1627997697577803,0.0020757325557424944,5.7317619829444375,0.0,-0.005000483280725846,4.662121626912136,2.1066937109777213e-54,0.0
2.2460533829998894,6.661550072289308,-0.09451039987439323,-0.0020999240477925533,5.507743541765393,0.0,0.0,1.1576708191727265,0.0020999240477925533,5.7317619829444375,0.0,0.006919126498741736,4.663506230761737,2.1073242578650235e-54,0.0
2.2473048310002923,6.661550072289308,-0.09451039987439323,-0.0020999240477925533,5.512533279059842,0.0,0.0,1.152897136264872,0.0020999240477925533,5.7317619829444375,0.0,0.006919126498741736,4.69136880450278,2.1183556273789626e-54,0.0
2.2660527400003048,6.78923283089022,-0.09477427313251051,-0.0020848053354640033,5.602494396305061,0.0,0.0,1.1905168100322774,0.0020848053354640037,5.7317619829444375,0.0,0.021176738612514102,4.69273444860872,2.1188755983600898e-54,0.0
2.2674713930000507,6.78923283089022,-0.09477427313251051,-0.0020848053354640033,5.606739111972794,0.0,0.0,1.1862856140605265,0.0020848053354640037,5.7317619829444375,0.0,0.021176738612514102,4.720734441208943,2.1303788341704443e-54,0.0
2.286322466999991,6.874573411613179,-0.09864410796075648,-0.0017003722151355894,5.697665895415646,0.0,0.0,1.1810342762670434,0.0017003722151355894,6.43368301939571,0.0,0.013734398502525003,4.721922692945456,2.1308626076030652e-54,0.0
2.2872399840007347,6.874573411613179,-0.09864410796075648,-0.0017003722151355894,5.701974057703109,0.0,0.0,1.1767412225403202,0.0017003722151355894,6.43368301939571,0.0,0.013734398502525003,4.750024190414364,2.141985125491795e-54,0.0
2.306285040000148,7.000231124246389,-0.09884361807101558,-0.0013802158890930559,5.792734291352592,0.0,0.0,1.2115356628188532,0.0013802158890930559,6.43368301939571,0.0,0.027817981515063477,4.751224320900399,2.1425529740095356e-54,0.0
2.307274062000033,7.000231124246389,-0.09884361807101558,-0.0013802158890930559,5.797612821565669,0.0,0.0,1.2066734615363115,0.0013802158890930559,6.43368301939571,0.0,0.027817981515063477,4.7790824780674495,2.1535080959085352e-54,0.0
2.3261512570006744,7.153011469518089,-0.0990303064779268,-0.0011258293095894323,5.8891474269665975,0.0,0.0,1.2677378749787787,0.0011258293095894323,6.43368301939571,0.0,0.00287881975015802,4.780447479924755,2.15402260166197e-54,0.0
2.3274022530004004,7.157110073266594,-0.09903492851555543,-0.0011353747501690779,5.893713183225157,0.0,0.0,1.267272511669237,0.0011353747501690779,6.43368301939571,0.0,-0.020225742233157738,4.799017741968104,1.212182555074839e-54,0.0
2.346309031000601,7.249787289508949,-0.09914521999366095,-0.0013012228071091845,5.986027740105502,0.0,0.0,1.2676426836281562,0.0013012228071091845,6.43368301939571,0.0,-0.02343500076822494,4.7996897390555775,1.1801719212166807e-54,0.0
2.34718692000024,7.249787289508949,-0.09914521999366095,-0.0013012228071091845,5.990313404037118,0.0,0.0,1.2633701923162117,0.0013012228071091845,6.43368301939571,0.0,-0.02343500076822494,4.816022375341757,1.069359867586035e-54,0.0
2.365966125000341,7.461262155390954,-0.11586516759995075,-0.0014991138481269548,6.077482817648192,0.0,0.0,1.388621616073566,0.0014991138481269548,6.43368301939571,0.0,-0.003041154651317407,4.816655568924262,1.0772220141158558e-54,0.0
2.3674228930003665,7.461262155390954,-0.11586516759995075,-0.0014991138481269548,6.086861879627694,0.0,0.0,1.3792754819400979,0.0014991138481269548,6.43368301939571,0.0,-0.003041154651317407,4.8329804038842905,1.2310065137258075e-54,0.0
2.3861868150006558,7.564176631124736,-0.11602141973922439,-0.0015962187889503067,6.175193407530426,0.0,0.0,1.3938204207374594,0.0015962187889503067,6.43368301939571,0.0,-0.014449100459109073,4.833608338351676,1.2349899017519965e-54,0.0
2.387279397000384,7.564176631124736,-0.11602141973922439,-0.0015962187889503067,6.183298389974196,0.0,0.0,1.3857437305365359,0.0015962187889503067,6.43368301939571,0.0,-0.014449100459109073,4.8491803742459165,1.2603221669187128e-54,0.0
2.406531977000668,7.69870030877945,-0.11624796729609288,-0.0016339862540476174,6.272489030644861,0.0,0.0,1.4309410189727494,0.0016339862540476176,6.43368301939571,0.0,-0.02700978370817292,4.850474506146165,1.2593848029471244e-54,0.0
2.407243823000499,7.69870030877945,-0.11624796729609288,-0.0016339862540476174,6.280884960507035,0.0,0.0,1.422573003995683,0.0016339862540476176,6.43368301939571,0.0,-0.02700978370817292,4.866130772518352,1.2463111602289006e-54,0.0
2.4261209270007384,7.821679773945857,-0.11646893460910236,-0.0020116558154443507,6.370118692022247,0.0,0.0,1.4562261456532843,0.0020116558154443507,6.43368301939571,0.0,-0.004124531344518628,4.867470277473223,1.2456424518727413e-54,0.0
2.4273175180005637,7.821679773945857,-0.11646893460910236,-0.0020116558154443507,6.378666078514687,0.0,0.0,1.4477063023731371,0.0020116558154443507,6.43368301939571,0.0,-0.004124531344518628,4.883069867586678,1.2457371753720028e-54,0.0
2.4460814570002185,7.959659256792786,-0.11674893373020301,-0.001932187804414529,6.468070075087073,0.0,0.0,1.4961512625763005,0.001932187804414529,6.43368301939571,0.0,-0.0015787413566206963,4.884429416935224,1.2461287519609445e-54,0.0
2.4472522530004426,7.959659256792786,-0.11674893373020301,-0.001932187804414529,6.476671426671932,0.0,0.0,1.4875762897457392,0.001932187804414529,6.43368301939571,0.0,-0.0015787413566206963,4.899996073601842,1.2518254627596779e-54,0.0
2.4663498899999468,8.089810504837178,-0.12190919116115957,-0.0009596859951909737,6.566472286155293,0.0,0.0,1.5282084868847137,0.0009596859951909737,6.43368301939571,0.0,0.007154368571713682,4.901359941690926,1.252297729813751e-54,0.0
2.467499907000274,8.089810504837178,-0.12190919116115957,-0.0009596859951909737,6.574934135206308,0.0,0.0,1.519773754923927,0.0009596859951909737,6.43368301939571,0.0,0.007154368571713682,4.916929286911551,1.2564212832115596e-54,0.0
2.4866028730002654,8.23715779925019,-0.12203982396985753,-0.0007257627225421412,6.665029669326337,0.0,0.0,1.576857817158054,0.0007257627225421413,6.43368301939571,0.0,0.010503709767063479,4.918264838570011,1.2568934751801465e-54,0.0
2.487377788000231,8.240395881486727,-0.12204217404964995,-0.0007219833899487494,6.673674680559686,0.0,0.0,1.5714673441344664,0.0007219833899487494,6.43368301939571,0.0,0.007509080916055388,4.933823731313314,1.2604262581018728e-54,0.0
2.5061906210003144,8.345749366885105,-0.1221149283136481,-0.000653992834779391,6.763790712299384,0.0,0.0,1.586664816694349,0.000653992834779391,6.43368301939571,0.0,0.010766774947397858,4.935184221804876,1.2606987947863612e-54,0.0
2.507354893000411,8.345749366885105,-0.1221149283136481,-0.000653992834779391,6.772082927393206,0.0,0.0,1.578397325929108,0.000653992834779391,6.43368301939571,0.0,0.010766774947397858,4.950683199377593,1.2643285960443519e-54,0.0
2.526368582000032,8.499258407893237,-0.12220431237357468,-0.0006097978365435178,6.86353638407675,0.0,0.0,1.6402805958618794,0.0006097978365435176,6.43368301939571,0.0,0.017155250466316527,4.951978571379848,1.2646498822559183e-54,0.0
2.5272300599999653,8.499258407893237,-0.12220431237357468,-0.0006097978365435178,6.871443741769449,0.0,0.0,1.6323953201385986,0.0006097978365435176,6.43368301939571,0.0,0.017155250466316527,4.967641583572036,1.2683033101541142e-54,0.0
2.5462965450005868,8.599581014106713,-0.12225534697401556,-0.0003926084741534107,6.963056261331074,0.0,0.0,1.6410848961315507,0.0003926084741534107,6.614601464442302,0.0,0.00692058557374344,4.968866740093312,1.2686362264192091e-54,0.0
2.5474205950004034,8.599581014106713,-0.12225534697401556,-0.0003926084741534107,6.971165378377218,0.0,0.0,1.6329984239282147,0.0003926084741534107,6.614601464442302,0.0,0.00692058557374344,4.9844947148870125,1.2722862222021227e-54,0.0
2.565974013000414,8.707217293671997,-0.1290917180483398,-0.0003297290587381472,7.063255921807599,0.0,0.0,1.6490220325547338,0.0003297290587381472,6.614601464442302,0.0,-0.011777710099820097,4.985748363491011,1.2725446783294392e-54,0.0
2.5674452729999757,8.707217293671997,-0.1290917180483398,-0.0003297290587381472,7.071320460241264,0.0,0.0,1.6409823647124828,0.0003297290587381472,6.614601464442302,0.0,-0.011777710099820097,4.999156262449803,1.0446279579668146e-54,0.0
2.5866599280006994,8.864298734092248,-0.12915997136160048,-0.0006608832820779637,7.163661493176884,0.0,0.0,1.7055349082884095,0.0006608832820779637,6.614601464442302,0.0,-0.015973094294039234,5.000069355196869,1.0263844141334585e-54,0.0
2.58727117700073,8.865068331338827,-0.1291604799756287,-0.0006629257414997444,7.171856456641295,0.0,0.0,1.6981309967738851,0.0006629257414997444,6.614601464442302,0.0,-0.017554704349615723,5.0128818741921775,9.922891765468936e-55,0.0
2.606323384999996,8.968656436754769,-0.12922798664053087,-0.0006188137909906705,7.2645007979364635,0.0,0.0,1.7090483649819248,0.0006188137909906705,6.614601464442302,0.0,-0.002383585109686624,5.013812190337441,9.96302805346156e-55,0.0
2.6073308949999046,8.968656436754769,-0.12922798664053087,-0.0006188137909906705,7.267616375471959,0.0,0.0,1.705941723101991,0.0006188137909906705,6.614601464442302,0.0,-0.002383585109686624,5.026642140554553,1.0317726505761911e-54,0.0
2.6260338609999963,9.123173591496927,-0.12932033547789984,-0.00045851454852933863,7.366110525911133,0.0,0.0,1.7618156446160493,0.0004585145485293387,6.614601464442302,0.0,0.007989162872025762,5.026876861973536,1.033080461305598e-54,0.0
2.627292949000548,9.123173591496927,-0.12932033547789984,-0.00045851454852933863,7.368779233150707,0.0,0.0,1.7591541472438292,0.0004585145485293387,6.614601464442302,0.0,0.007989162872025762,5.040461247877487,1.042892186757767e-54,0.0
2.646347732999857,9.226531461036203,-0.12936452190187583,-0.0003549547278774312,7.468020483083092,0.0,0.0,1.763262895630855,0.00035495472787743117,6.614601464442302,0.0,0.023290503492408042,5.040634888597934,1.0428407612608545e-54,0.0
2.647190612000486,9.226531461036203,-0.12936452190187583,-0.0003549547278774312,7.470416559259874,0.0,0.0,1.7608732855511735,0.00035495472787743117,6.614601464442302,0.0,0.023290503492408042,5.054273670770724,1.0419561202219077e-54,0.0
2.666043212000659,9.360866385554267,-0.13575208648007173,-0.0005449445749111606,7.564717560396336,0.0,0.0,1.8012715595100892,0.0005449445749111607,6.614601464442302,0.0,0.015845500157606655,5.05441041410291,1.0419305584175952e-54,0.0
2.6674148380006955,9.360866385554267,-0.13575208648007173,-0.0005449445749111606,7.5717678361818965,0.0,0.0,1.7942414130629174,0.0005449445749111607,6.614601464442302,0.0,0.015845500157606655,5.067337567550029,1.0433521655871571e-54,0.0
2.6861779710006886,9.484054000874163,-0.13580885439482643,-0.00030384867073121645,7.666261773848814,0.0,0.0,1.822858366841981,0.00030384867073121645,6.614601464442302,0.0,0.01575257671976051,5.068101288334232,1.043493059288154e-54,0.0
2.687169012000595,9.484054000874163,-0.13580885439482643,-0.00030384867073121645,7.67329533584168,0.0,0.0,1.8158444283369255,0.00030384867073121645,6.614601464442302,0.0,0.01575257671976051,5.081015451841401,1.0467033656196142e-54,0.0
2.706603577000351,9.626776467775976,-0.1358439071229764,-0.00025280369415136433,7.768310106911545,0.0,0.0,1.8634244770226445,0.00025280369415136433,6.614601464442302,0.0,0.0033782111079971805,5.081774760253501,1.0468927746591857e-54,0.0
2.7073605740006315,9.626776467775976,-0.1358439071229764,-0.00025280369415136433,7.775404271202604,0.0,0.0,1.8563492606046272,0.00025280369415136433,6.614601464442302,0.0,0.0033782111079971805,5.094714936432228,1.0494420641188498e-54,0.0
2.726024411000253,9.759718109412605,-0.13587463235280356,-0.00019133720105086172,7.870478835664566,0.0,0.0,1.894119043035317,0.00019133720105086175,6.614601464442302,0.0,-0.00526342800530637,5.095480772844453,1.0497166476389812e-54,0.0
2.727389805000712,9.759718109412605,-0.13587463235280356,-0.00019133720105086172,7.8781930374218545,0.0,0.0,1.886424796340105,0.00019133720105086175,6.614601464442302,0.0,-0.00526342800530637,5.108386744373828,1.052059360993087e-54,0.0
2.7462543900001037,9.881005397596809,-0.13590026244323755,-6.180881262189263e-05,7.973410796729258,0.0,0.0,1.9124293562354588,6.180881262189263e-05,6.614601464442302,0.0,0.01679914920200881,5.109232245001867,1.0522062474383843e-54,0.0
2.7473638990004474,9.91712601061419,-0.1359023728632369,2.746747906569552e-05,7.980647546212135,0.0,0.0,1.9412414321878664,-2.746747906569552e-05,6.614601464442302,0.0,0.005049939643475589,5.122116133676258,1.0548310876335593e-54,0.0
2.7662453390003066,10.03155158340039,-0.1359054135990419,-0.00015238910285596534,8.075676531572492,-6.309712286543031e-07,-1.2041088566206195e-06,1.9605910660573493,0.00015118499399934473,6.614601464442302,0.0,0.0010912186652338755,5.122895439939171,1.0549803541095727e-54,0.0
2.767412735000107,10.03155158340039,-0.1359054135990419,-0.00015238910285596534,8.083913777475026,-2.038452359872647e-06,-3.818391427724187e-06,1.952373619583615,0.00014857071142824116,6.614601464442302,0.0,0.0010912186652338755,5.127299401294427,-0.00040629699576413445,-0.0007775542349485198
2.786073850000321,10.287961823459895,-0.1454971460828227,-0.0013980939524391102,8.178558799862271,-0.00013838589117925646,-0.00021446908441953878,2.1144054211828083,0.0011836248680195715,6.442939809038501,0.0,-0.018790508533415805,5.122885285305786,-0.0009396523600167422,-0.0017628359849962462
2.7874953900000037,10.296135491600118,-0.14550861494300102,-0.0014126186660834484,8.186296228563581,-0.00017688024585611598,-0.0002679671065363104,2.114838771386755,0.001144651559547138,6.442939809038501,0.0,-0.008080519593655008,5.101240926540105,-0.016494209588596726,-0.02484688238407225
2.8062607680003566,10.39165419307271,-0.14564551681828938,-0.0014236839163302782,8.280588473345004,-0.0007804417950763448,-0.0009591994717070145,2.1160303312974844,0.0004644844446232637,6.442939809038501,0.0,-0.005095896013733852,5.098212742420254,-0.019191912211198554,-0.02812032422875651
2.807149042000674,10.39165419307271,-0.14564551681828938,-0.0014236839163302782,8.288603799736636,-0.0008809351070977926,-0.0010591153492546764,2.108026978249812,0.00036456856707560176,6.442939809038501,0.0,-0.005095896013733852,5.078445579583953,-0.038665253504549586,-0.04190720992475799
2.8263852970003427,10.538943019473454,-0.14587046245519764,-0.0019464627102495215,8.381912761088442,-0.0016862974886267818,-0.0016573158026893314,2.161843798477498,0.0002891469075601901,6.442939809038501,0.0,-0.01577974493049376,5.075481795103338,-0.04046457032706293,-0.04253254487879062
2.82733768900016,10.538943019473454,-0.14587046245519764,-0.0019464627102495215,8.389909876225406,-0.001815341817829635,-0.0017582738725241947,2.1538559210310306,0.00018818883772532674,6.442939809038501,0.0,-0.01577974493049376,5.056782988856512,-0.03469703535606258,-0.026670836385185803
2.84634643300069,10.64856621607795,-0.14609253013952758,-0.0022488819645571766,8.482740091507598,-0.002354383137331739,-0.0019506179573649215,2.170590577878532,0.00029826400719225516,6.442939809038501,0.0,-0.037621356807050074,5.053824039364081,-0.0346646945846251,-0.026113077534569287
2.8472150369998417,10.64856621607795,-0.14609253013952758,-0.0022488819645571766,8.486481240859394,-0.002454022957881198,-0.002021118147938456,2.166851047213721,0.00022776381661872075,6.442939809038501,0.0,-0.037621356807050074,5.035112380580508,-0.010994791539148048,-0.0007782503907292195
2.8660657240006913,10.676244377967722,-0.1570528718336422,-0.0010972518117606728,8.583037544259465,-0.0024515467842049317,-0.001666408122171357,2.0989083873266092,-0.0005691563104106843,6.442939809038501,0.0,-0.0206609086038239,5.03305546186586,-0.010448433726361138,1.755679618786277e-05
2.8673988680002367,10.676244377967722,-0.1570528718336422,-0.0010972518117606728,8.59226771077546,-0.002528181423064412,-0.0016882468959846866,2.089697736360035,-0.0005909950842240138,6.442939809038501,0.0,-0.0206609086038239,5.0131678974010505,0.021100006927244577,0.03072541228983564
2.8866563810006483,10.798952347332042,-0.15720368166937862,-0.0014538775434394134,8.68435471528819,-0.00176937574326771,-0.0006642299693822728,2.120302565414709,0.0007896475740571406,6.442939809038501,0.0,-0.020154915462859517,5.009879392779241,0.02375768797096752,0.03322296465713875
2.8875153580002006,10.833803722886962,-0.15725435133735707,-0.0015201005093273328,8.687343581362132,-0.0018630991845112392,-0.0007226745961767108,2.152077503344251,0.0007974259131506221,6.442939809038501,0.0,-0.012242562178930008,4.990372782741242,0.058724141813315,0.06781026749330996
2.9062877330006813,10.939394702285883,-0.1574238970945251,-0.0018194443532559492,8.784167169419874,-0.00019461494356413575,0.0010627181425335362,2.160955058669525,0.0028821624957894856,6.442939809038501,0.0,-0.009454399197818068,4.988464988179232,0.05893140893571637,0.0679501145069511
2.9072404160006045,10.939394702285883,-0.1574238970945251,-0.0018194443532559492,8.78697151569983,-0.00029385119709269354,0.0010041793798470878,2.158150927409152,0.002823623733103037,6.442939809038501,0.0,-0.009454399197818068,4.967231678932586,0.09705415334959035,0.1044731230536583
2.926032860000305,11.078777061629943,-0.15768695047313216,-0.001977538859047747,8.883588925406931,0.0023455051559149254,0.003505460684611596,2.201013707424132,0.005482999543659343,6.442939809038501,0.0,-0.006211728379666858,4.9653589439725305,0.09713071861451916,0.10456257463148744
2.927270793000389,11.078777061629943,-0.15768695047313216,-0.001977538859047747,8.886850990261907,0.0022587953079033917,0.003465146071648674,2.1977539771176304,0.005442684930696421,6.442939809038501,0.0,-0.006211728379666858,4.943554039472647,0.13392616143779384,0.13907071344851207
2.9464974860002258,11.185598391373754,-0.1579014773674837,-0.002090315654900903,8.983103120613203,0.0059145759025021425,0.0066607988988752285,2.208578981388609,0.008751114553776133,6.442939809038501,0.0,-0.017239643903279096,4.941543878775245,0.13441232819863727,0.1396621636497336
2.947440134000317,11.185598391373754,-0.1579014773674837,-0.002090315654900903,8.985954110106,0.005820669831100115,0.00661994571113021,2.2057288830672834,0.008710261366031112,6.442939809038501,0.0,-0.017239643903279096,4.919176349642362,0.1697789134128203,0.17298492149587974
2.9660069070005193,11.347934251531992,-0.1696260843690727,-0.0017847823302263094,9.081411531496572,0.010501783808525617,0.010460115404571866,2.2736691248576526,0.012244897734798173,6.442939809038501,0.0,0.048887106446379065,4.917244782651465,0.17026959853026036,0.17344304705595087
2.9674346340007105,11.347934251531992,-0.1696260843690727,-0.0017847823302263094,9.084195686452157,0.010411780938133606,0.010425862808155472,2.2708865942565444,0.01221064513838178,6.442939809038501,0.0,0.048887106446379065,4.8943701208127015,0.2044547659217536,0.20608951044971052
2.986121576000187,11.484917292171517,-0.16982434285614553,-0.0002786531654860728,9.174888200562675,0.015896237717728315,0.014694311592875276,2.3174828021212726,0.01497296475836135,6.442939809038501,0.0,0.13480840007139022,4.892446025171094,0.20486264178321742,0.20641151295509336
2.9871992759999557,11.484917292171517,-0.16982434285614553,-0.0002786531654860728,9.182058992666969,0.016090882902736015,0.01488112930914666,2.310350799936225,0.015159782474632733,6.442939809038501,0.0,0.13480840007139022,4.870155133100526,0.23631942905979997,0.23599777338761002
3.0068335630003276,11.605823431597456,-0.1697567433581953,0.0025323111305742894,9.272415892860119,0.022650967773694863,0.019748896796812528,2.3413268608076168,0.017216585666238238,6.442939809038501,0.0,0.17639591889901124,4.867067278536263,0.2381284918719354,0.23769628166205164
3.007659857999897,11.605823431597456,-0.1697567433581953,0.0025323111305742894,9.278567860136793,0.022826776013961485,0.019915205374344894,2.335210248955854,0.017382894243770607,6.442939809038501,0.0,0.17639591889901124,4.844184025839676,0.2686648762696684,0.2662733518166323
3.0261302620001516,11.747115718247056,-0.16918973096238984,0.007272579782539912,9.369531679649171,0.030559858293211273,0.025398931866557374,2.3859601335737377,0.01812635208401746,6.442939809038501,0.0,0.25109420620239503,4.841326632520782,0.2700556696409182,0.2675904578466672
3.0273165570006313,11.747115718247056,-0.16918973096238984,0.007272579782539912,9.37502400345963,0.030728818554522416,0.025557718004228888,2.380501319009106,0.018285138221688976,6.442939809038501,0.0,0.25109420620239503,4.817663063234473,0.2992347260529548,0.2947927527138895
3.046213412000725,11.89828227734328,-0.16771902162403166,0.013782985838123736,9.46587617222913,0.039604384955591036,0.03158193800635378,2.441225605123863,0.017798952168230048,6.467331606018186,0.0,0.29907791604274486,4.81492180112809,0.3005786987270309,0.2961004477671926
3.047350878000543,11.900140128935192,-0.16769341326021753,0.01387264784827437,9.470600424876737,0.03974225478124478,0.03171425666103517,2.4383791194095004,0.017841608812760798,6.467331606018186,0.0,0.31209106043389095,4.770867070474203,0.325021174350574,0.3163111140741065
3.0663411180003095,11.99397239196626,-0.1662448911732592,0.018708810649654406,9.560792413844915,0.04959253771345577,0.03803098364178715,2.44273424703528,0.019322172992132746,6.467331606018186,0.0,0.33037991455369053,4.767160677491262,0.3257611524969725,0.3167094629232858
3.067499810999834,11.99397239196626,-0.1662448911732592,0.018708810649654406,9.56611506806849,0.0498252940104525,0.0382156389514128,2.437453078549281,0.019506828301758393,6.467331606018186,0.0,0.33037991455369053,4.718765964600919,0.3395286762732826,0.32615336842295634
3.086408255000606,12.155030118967868,-0.16274282793695094,0.027629022806780378,9.654835146815614,0.06047041681719547,0.04476744014305554,2.510139249406113,0.01713841733627516,6.467331606018186,0.0,0.4162060632744849,4.714606650779336,0.34002121160426974,0.32665575402606045
3.087264041000708,12.159233362754206,-0.16262666685932575,0.027912219777581133,9.659720727316662,0.060689108296460154,0.044943433249016736,2.509468738626836,0.017031213471435602,6.467331606018186,0.0,0.4355754262623707,4.6652143994726325,0.3555081647081261,0.3450538972189137
3.10639451499992,12.309322178819563,-0.17234168418113335,0.03100067108100243,9.747864054186401,0.07234944308418902,0.05192878177765866,2.573119016293574,0.02092811069665623,6.467331606018186,0.0,0.38491228167122243,4.661188821216644,0.3563155198746394,0.34597203532460047
3.1073454590004985,12.309322178819563,-0.17234168418113335,0.03100067108100243,9.75192592864256,0.07249998021164056,0.052063205271128676,2.569089920777788,0.021062534190126245,6.467331606018186,0.0,0.38491228167122243,4.610454839785089,0.37659069930745825,0.36542744376567704
3.1265578299999106,12.44780477957304,-0.1676920536196601,0.039660753401334944,9.839045564461566,0.08520942913751205,0.05945303577029604,2.6209890885713,0.019792282368961092,6.467331606018186,0.0,0.41105841424254314,4.606825240703115,0.37740481462268055,0.36616998307836995
3.1272424420003517,12.44780477957304,-0.1676920536196601,0.039660753401334944,9.843412193048,0.08544169871663863,0.05963466413910289,2.616665328489382,0.01997391073776795,6.467331606018186,0.0,0.41105841424254314,4.555163356062888,0.399320017639394,0.3859648735011378
3.146092476999911,12.567068870590512,-0.1626673422400617,0.04742630538039605,9.929567933122957,0.0992583548123037,0.06745614896591516,2.650474724633042,0.02002984358551911,6.467331606018186,0.0,0.43617900108105556,4.551266875229285,0.4002519366957295,0.3868173478695317
3.1473691119999785,12.567068870590512,-0.1626673422400617,0.04742630538039605,9.933725199089588,0.09950239461223881,0.06764553460790915,2.646362005311286,0.020219229227513093,6.467331606018186,0.0,0.43617900108105556,4.498458317363901,0.4230813538604011,0.4085618842441717
3.166041664000659,12.788582920981575,-0.15077053412551392,0.05581947572288999,10.013859817325233,0.11357401676378115,0.07542657625119596,2.7872865556933943,0.019607100528305974,6.467331606018186,0.0,0.5290740375104216,4.494587362208765,0.4240766282009282,0.40948817513459346
3.167370240999844,12.788582920981575,-0.15077053412551392,0.05581947572288999,10.022471980220402,0.11465613345339647,0.0760780152495417,2.7788164841278578,0.020258539526651714,6.467331606018186,0.0,0.5290740375104216,4.444083335009058,0.4456149484100061,0.4291279055404727
3.1867786860002525,12.94331032755187,-0.14145240910116158,0.06853820224327598,10.101432139030681,0.12978567047971717,0.08425435057969706,2.8547927655448477,0.015716148336421085,6.467331606018186,0.0,0.5308577209888895,4.43718106033137,0.4479077382824183,0.4312542126975275
3.187444945000607,12.944384069207945,-0.14137870132849775,0.06862642639315704,10.110070406696225,0.13099492501225288,0.08496454616016341,2.847370950513229,0.016338119767006373,6.467331606018186,0.0,0.5301416973391506,4.385878886128156,0.4690496051000882,0.45021792960401974
3.2062562660003096,13.040950476069973,-0.13449348750850706,0.07680198682447553,10.187770355755177,0.14715991730992833,0.09349645706407676,2.8670482101641355,0.01669447023960123,6.467331606018186,0.0,0.5687858450007354,4.3787959025945415,0.4712306245031322,0.4521055870034815
3.207265457000176,13.040950476069973,-0.13449348750850706,0.07680198682447553,10.195811131719186,0.14836903240759494,0.09419529592350744,2.8591658038571524,0.017393309099031903,6.467331606018186,0.0,0.5687858450007354,4.326928387473635,0.4907690558720766,0.46947128349771894
3.225981602000502,13.16986019193745,-0.12403355898091722,0.08869246523349082,10.27268942500362,0.16561201396542394,0.10306108355788829,2.9116134720637934,0.014368618324397467,6.467331606018186,0.0,0.6475004032670378,4.320087542501338,0.49265651782937553,0.47111059295318114
3.22725196600004,13.16986019193745,-0.12403355898091722,0.08869246523349082,10.276433518496148,0.16595938175136016,0.10330271784087595,2.9079225952999774,0.014610252607385132,6.467331606018186,0.0,0.6475004032670378,4.285465058434592,0.5085935356861586,0.4837032512569712
3.2463157740003226,13.323086278804306,-0.10961482978848806,0.10441492206699728,10.356296733582854,0.18500542938550096,0.11281097448135995,2.9813824482530014,0.008396052414362672,6.467331606018186,0.0,0.6713668147370747,4.28278035944322,0.5091372139677576,0.48411706858071846
3.247378063000724,13.323086278804306,-0.10961482978848806,0.10441492206699728,10.360605056560685,0.18552408866099768,0.11313148362755432,2.97714661602844,0.008716561560557041,6.467331606018186,0.0,0.6713668147370747,4.250243556478706,0.5198769461297426,0.49238922797247664
3.266182340999876,13.331213673252524,-0.08947093929195923,0.10692941495854322,10.438716035617823,0.20527404184887058,0.122711626135809,2.907476085478612,0.015782211177265776,6.467331606018186,0.0,0.6946617294030986,4.247430561848636,0.5202572373750866,0.49270792304684463
3.2674369209998986,13.331213673252524,-0.08947093929195923,0.10692941495854322,10.443333149329929,0.20591606790088424,0.12308707703803756,2.902948054042612,0.016157662079494345,6.467331606018186,0.0,0.6946617294030986,4.214526251158177,0.5304566441389246,0.5033396151429264
3.2859702370005834,13.48411896121459,-0.07218290400965463,0.12384683314959403,10.520569261243718,0.2266047039004962,0.13288842955493257,2.9785736282385415,0.00904159640533854,5.545831013692515,0.0,0.6964483184840178,4.211481558471692,0.5310160129994572,0.5039252699989533
3.2871976209999048,13.48411896121459,-0.07218290400965463,0.12384683314959403,10.525145954242587,0.2272891408153526,0.13327727275869236,2.9740888960521343,0.009430439609098326,5.545831013692515,0.0,0.6964483184840178,4.177894921531349,0.5423199287227783,0.5139050950710861
3.306626696999956,13.57207423077776,-0.06089828851963253,0.1353277686418456,10.605684333867778,0.2500905666511329,0.14378656009393537,2.9826469936165827,0.008458791452089776,5.545831013692515,0.0,0.7290719067867354,4.17483070866708,0.542839211027023,0.514268435109526
3.307238358000177,13.57207423077776,-0.06089828851963253,0.1353277686418456,10.606834559404103,0.24985616182421058,0.14374594993411594,2.9814785991344395,0.008418181292270344,5.545831013692515,0.0,0.7290719067867354,4.143698911967518,0.5523980451990033,0.5212694206732741
3.3260177199999816,13.697522740902038,-0.04306133101181338,0.15269914842167862,10.681595966614994,0.27214492290581416,0.15377217446203745,3.032353754160328,0.001073026040358832,5.545831013692515,0.0,0.8024999520110289,4.142217332420571,0.5524008724559639,0.5212482585060193
3.327177097999993,13.697522740902038,-0.04306133101181338,0.15269914842167862,10.687249993245524,0.2732544338153209,0.1543380243037715,3.0268461603394496,0.001638875882092883,5.545831013692515,0.0,0.8024999520110289,4.124371812188273,0.5630435966916918,0.5336689739774539
3.346041067000442,13.791149648841643,-0.028224417844078104,0.16637757355707505,10.76121615412668,0.2965068979066083,0.16461368205352606,3.0472852524541896,-0.0017638915035489977,5.545831013692515,0.0,0.7952647846113449,4.121638434996002,0.5637975883008525,0.5344778150130971
3.3474022840000544,13.822043322332783,-0.023036444546333613,0.17087457027371644,10.76711885817995,0.29776990136376946,0.16523822714781838,3.071722675186624,-0.005636343125898058,5.545831013692515,0.0,0.7961240636753245,4.1019139108345035,0.5777258053704306,0.5472535819596835
3.3660091170004307,13.903343772579385,-0.008642436088935727,0.183154468480475,10.839962591120655,0.3219186242548279,0.17568858580647234,3.0811645326939425,-0.007465882674002665,5.545831013692515,0.0,0.8302335033206716,4.099039926299463,0.5785834315064514,0.5479271508658689
3.367806666999968,13.903343772579385,-0.008642436088935727,0.183154468480475,10.846350260817779,0.3234228500602417,0.17640509632968757,3.074975883680698,-0.006749372150787442,5.545831013692515,0.0,0.8302335033206716,4.079083387858652,0.5916123076017926,0.5584599367953763
3.3860210100001495,13.873527815879198,0.020006919341091722,0.18079394805858975,10.918308358675475,0.3485024111184787,0.1870196847887239,2.973420812524446,0.006225736730134157,5.545831013692515,0.0,0.8404519170583993,4.07604719008971,0.5923614118435233,0.5590366391449647
3.387253941000381,13.873527815879198,0.020006919341091722,0.18079394805858975,10.924170552183565,0.34990968748155776,0.18768079711483937,2.967750681128881,0.006886849056249617,5.545831013692515,0.0,0.8404519170583993,4.056172325041403,0.6023395539692925,0.5672744079396037
3.406210662000376,13.96558875502194,0.037299885559881736,0.19526556492246439,10.995802638001573,0.3760491575534663,0.19849119378381494,2.9890434339639658,0.0032256288613505546,5.545831013692515,0.0,0.8844735473279823,4.053277935817086,0.602794711999825,0.5676279045922181
3.4071469420005087,13.96558875502194,0.037299885559881736,0.19526556492246439,11.001569767689697,0.3774953671069983,0.1991521469560717,2.9834780915788763,0.003886582033607311,5.545831013692515,0.0,0.8844735473279823,4.033599529054755,0.6095784208852376,0.5727269635339773
3.4259518270000626,14.080475473926903,0.06072138778507872,0.213971535832917,11.072508123816624,0.40448719322352783,0.21001896725264368,3.02754727598401,-0.003952568580273319,5.545831013692515,0.0,0.8846139678022577,4.0308035699860545,0.6096284000436696,0.5725690411793339
3.4272032270000636,14.080475473926903,0.06072138778507872,0.213971535832917,11.077766853549445,0.405804787903884,0.2106087335650451,3.0224727644639997,-0.003362802267871917,5.545831013692515,0.0,0.8846139678022577,4.01186343472937,0.6122466967245305,0.5737672134460362
3.446468513000582,14.182479067156644,0.08345544189962938,0.2307723510145907,11.148508057675379,0.43378015075701826,0.2215922774959621,3.0541295794397425,-0.009180073518628595,5.545831013692515,0.0,0.9009561518244137,4.009239397010688,0.6119956123977762,0.5735298098534302
3.447292629000003,14.182479067156644,0.08345544189962938,0.2307723510145907,11.153325458944849,0.43498007837469527,0.22212230208479258,3.0494821121284614,-0.008650048929798121,5.545831013692515,0.0,0.9009561518244137,3.9897026746632043,0.6145394558135375,0.5769594361380063
3.466229299000588,14.369316138443136,0.15939421941378862,0.25339969727541256,11.223763291836343,0.46393572825787477,0.23324798220239798,3.1602607869296366,-0.02015171507301458,5.545831013692515,0.0,0.9271806880311879,3.9871517011778606,0.6143786690778414,0.5768756832114108
3.4676566790003562,14.371767280088328,0.16002926041624393,0.2538311016556269,11.228614145911857,0.46520223980035824,0.23379150900410656,3.1579332121230093,-0.020039592651520333,5.545831013692515,0.0,0.9569345626335105,3.966985323764518,0.6183214391094479,0.5803832584113949
3.4860538030006865,14.454122485603733,0.18170671326427257,0.26874437267481777,11.298256234962608,0.49496100629304046,0.24497420671123268,3.171375103017085,-0.023770165963585083,5.545831013692515,0.0,0.9808748762410321,3.9643881620765002,0.618253180513519,0.5802783026357176
3.4872928120003053,14.454122485603733,0.18170671326427257,0.26874437267481777,11.299164125210437,0.49460814456221625,0.24490073742401575,3.1704368092620703,-0.02384363525080202,5.545831013692515,0.0,0.9808748762410321,3.9373458302103317,0.6217414840164236,0.5838294821993519
3.506276531000367,14.577455029089423,0.21669254604306082,0.29174218968455945,11.371312374805958,0.5265900582080953,0.2566767775444243,3.2210847843020054,-0.035065412140135144,5.545831013692515,0.0,1.0207212269134984,3.9359857648318686,0.6215023374145645,0.5835899131130691
3.5074271890007367,14.577455029089423,0.21669254604306082,0.29174218968455945,11.371375391610927,0.5258581643050007,0.25646654981447115,3.2209517260228426,-0.03527563987008831,5.545831013692515,0.0,1.0207212269134984,3.8862782622294074,0.621481281129555,0.5793841826122474
3.5264283790002082,14.662327985054462,0.24269131240787134,0.30797508733914886,11.43908186500111,0.5569455443312914,0.26762736183840213,3.2385291835524295,-0.04034772550074672,5.545831013692515,0.0,0.9959842785871257,3.8854750164844685,0.6212907575888137,0.5792204879495537
3.527198847999898,14.662327985054462,0.24269131240787134,0.30797508733914886,11.442553918032527,0.557746726107589,0.2679689778557697,3.235151458026112,-0.04000610948337919,5.545831013692515,0.0,0.9959842785871257,3.8398987297421567,0.6169992934932795,0.5749671144803254
3.5461009370001193,14.767202853472238,0.2768268955438078,0.3289204627539439,11.50930803375849,0.5894160358728748,0.2791058746098406,3.2728566462601654,-0.04981458814410328,4.8710871526899595,0.0,0.9736225495595471,3.8342494144660075,0.6163393536612919,0.5744823887509983
3.547256974999982,14.767202853472238,0.2768268955438078,0.3289204627539439,11.512527591777367,0.5901302784627314,0.2794099219953781,3.2697201820395914,-0.04951054075856575,4.8710871526899595,0.0,0.9736225495595471,3.79280553052589,0.6126291825368569,0.5712020622388174
3.566009761000714,14.917473085767178,0.3598924859668993,0.35439450126057276,11.578422243823677,0.6223979946918199,0.29051814433283407,3.349353619311423,-0.06387635692773867,4.8710871526899595,0.0,0.9341518207160041,3.7889197929020613,0.6120845676058945,0.5705102415304577
3.56746744100019,14.917473085767178,0.3598924859668993,0.35439450126057276,11.58522095826908,0.6248778282259007,0.291421128506817,3.342771525669638,-0.06297337275375575,4.8710871526899595,0.0,0.9341518207160041,3.7564826347530733,0.6095065557955093,0.5688589015647418
3.5860845510005674,15.01805672241883,0.3979087713659809,0.375875511321303,11.646530850218763,0.6559332699767395,0.3018956045896744,3.3813848270786564,-0.07397990673162859,4.8710871526899595,0.0,1.015978028538803,3.7521242383592517,0.6091082943591821,0.5684900160067753
3.5873845820005954,15.01805672241883,0.3979087713659809,0.375875511321303,11.652693355142345,0.6581784276930776,0.30270206999069316,3.3754126988875224,-0.07317344133060982,4.8710871526899595,0.0,1.015978028538803,3.719211747237119,0.6070989850859652,0.5660419178173307
3.606739063000532,15.099099945577569,0.4304758360915424,0.3938745111055101,11.71356036551371,0.689962682627697,0.3132087480407874,3.395469285931512,-0.08066576306472267,4.8710871526899595,0.0,0.9737226246201917,3.7151231501513866,0.6067176621325284,0.5656045552957026
3.6073658770001202,15.099099945577569,0.4304758360915424,0.3938745111055101,11.719702867108552,0.6922714648298,0.31402025430498226,3.3895223210935472,-0.07985425680052782,4.8710871526899595,0.0,0.9737226246201917,3.6820969480146815,0.6040511599762037,0.5625813593078073
3.6261116320001747,15.196170384132765,0.4716496419999557,0.4152385558400904,11.77991295750412,0.7246569830542564,0.3245175337454492,3.4256134515766283,-0.09072102209464117,4.8710871526899595,0.0,1.0040959094423392,3.677981533275661,0.6035920425276233,0.5621217083974019
3.627341424000406,15.196170384132765,0.4716496419999557,0.4152385558400904,11.782165041903212,0.724972694756299,0.32467076982100174,3.4233908695662723,-0.09056778601908866,4.8710871526899595,0.0,1.0040959094423392,3.6449215711073015,0.6002729074829883,0.558837744774929
3.6460989150000387,15.277867434274699,0.5082327355733604,0.4336131285607187,11.844681443977075,0.7595021389174679,0.33565999346870207,3.4423687131149645,-0.09795313509201664,4.8710871526899595,0.0,0.9968608274275057,3.641014007648419,0.5997953785155132,0.5583742704587363
3.6472380710001744,15.277867434274699,0.5082327355733604,0.4336131285607187,11.847081038967241,0.7599124426430063,0.3358405182721996,3.4400055181899636,-0.09777261028851914,4.8710871526899595,0.0,0.9968608274275057,3.608160349015525,0.596202414415588,0.5548114470795823
3.6661660360005044,15.504199095942804,0.6756296297846609,0.47490833164139884,11.90836936170601,0.7947252532876901,0.34671501659059406,3.5978014460443797,-0.12819331505080478,4.8710871526899595,0.0,0.957660772884441,3.6060973375622747,0.5959187561592264,0.5545357475440725
3.667423482000231,15.504199095942804,0.6756296297846609,0.47490833164139884,11.910787271054353,0.7951621848047233,0.34690071183624327,3.595399362373778,-0.12800761980515557,4.8710871526899595,0.0,0.957660772884441,3.5715303464826005,0.5919185366695423,0.5505618825049767
3.686461971999961,15.586724119551391,0.7187410202825316,0.49341637901599833,11.970749257447133,0.8301630070149708,0.3576374934781036,3.6176911231470976,-0.13577888553789474,4.8710871526899595,0.0,0.9518250547252217,3.5694386465578742,0.5916263830477116,0.5502785680722366
3.6874434840001413,15.586724119551391,0.7187410202825316,0.49341637901599833,11.973741717474276,0.8309474422514624,0.35792620921116775,3.614724348944189,-0.13549016980483056,4.8710871526899595,0.0,0.9518250547252217,3.5351749632714844,0.5874329055863362,0.5461521662753627
3.7062373180006034,15.665282679431934,0.7615731615383218,0.5109235542010543,12.032336385113034,0.8660767115989816,0.36851304274838004,3.634449032436789,-0.14241051145267428,4.8710871526899595,0.0,0.9617298899028494,3.5327283077198413,0.5870896242983872,0.5458200815858958
3.707204891999936,15.665282679431934,0.7615731615383218,0.5109235542010543,12.03552030943497,0.8669996617648202,0.3688385140840512,3.6312931043356973,-0.1420850401170031,4.8710871526899595,0.0,0.9617298899028494,3.4988036491019834,0.5827345491163507,0.5415685388727599
3.7260728159999417,15.749909799437539,0.8098013055023057,0.5298663291156138,12.093794728365975,0.9028492496210985,0.37945740081147883,3.6572989121510653,-0.150408928304135,4.8710871526899595,0.0,0.9378070132297273,3.49622013471511,0.5823662632559954,0.5412134829503537
3.72726332000002,15.749909799437539,0.8098013055023057,0.5298663291156138,12.096203866893264,0.9033310782844974,0.3796473860015847,3.654902852321238,-0.1502189431140291,4.8710871526899595,0.0,0.9378070132297273,3.46201529513703,0.5778071339987819,0.5367884891328971
3.7460972670005503,15.838035407117271,0.8621725393939126,0.5498853889627778,12.153281961649297,0.939347627114849,0.39013886727444036,3.6855615512500726,-0.15974652168833747,4.8710871526899595,0.0,0.9410068906181105,3.459873298327421,0.5774929927461504,0.5364867338327715
3.7472131140002602,15.838035407117271,0.8621725393939126,0.5498853889627778,12.155892460046568,0.9399711924926395,0.39036705434422364,3.682964745023566,-0.1595183346185542,4.8710871526899595,0.0,0.9410068906181105,3.425915493118656,0.5728319785261105,0.5319809503497686
3.766860751000422,15.865774044068672,0.9301457624076092,0.5510079327129642,12.212012629588042,0.976240492678645,0.40074485847921876,3.6540521613827925,-0.15026307423374546,4.8710871526899595,0.0,0.9640272087264213,3.423631599320361,0.5724939082353597,0.531656942640284
3.7676825470007316,15.866574528173887,0.9306376541939405,0.5511972386325212,12.21454794448097,0.976831516447932,0.40095818075111506,3.6523187211564245,-0.15023905788140618,4.8710871526899595,0.0,0.9814667189391556,3.4100534156636604,0.5675427134101761,0.527194568703028
3.786603283000659,15.951069829159533,0.983367454776968,0.570656228300603,12.270481164283254,1.0137612066038464,0.41132301435528107,3.68071415626993,-0.159333213945322,5.66573169996942,0.0,0.9948414629356769,3.4089675419903505,0.5672191268089117,0.5269570975025808
3.787436057999912,15.951069829159533,0.983367454776968,0.570656228300603,12.272613382012937,1.0141048408879818,0.4114625569249466,3.6785848665566077,-0.15919367137565643,5.66573169996942,0.0,0.9948414629356769,3.4001579066172885,0.5631228038513234,0.5238290229494276
3.8062594640005045,16.040617971094438,1.041646604716707,0.5896157958201982,12.328362066667408,1.0517141957374856,0.42181905060118696,3.712269555991632,-0.16779674521901122,5.66573169996942,0.0,1.0151383707038801,3.3993108385398303,0.5628773253401331,0.5236007515773373
3.807214907999878,16.040617971094438,1.041646604716707,0.5896157958201982,12.330469393121254,1.0520503225992577,0.4219525431826592,3.7101631646037108,-0.167663252637539,5.66573169996942,0.0,1.0151383707038801,3.3905116181848656,0.5592481745353478,0.5198569084724343
3.8260974430004353,16.11599047522628,1.0926114502759392,0.605777182071667,12.385452865615084,1.0899705188151656,0.4322080551997046,3.7305385443984616,-0.17356912687196235,5.66573169996942,0.0,1.009521144879696,3.389668661849737,0.5589997546101989,0.5196111554368051
3.8272441420003815,16.11599047522628,1.0926114502759392,0.605777182071667,12.387460872725791,1.0902507213813428,0.43232456872363867,3.7285303498514484,-0.1734526133480283,5.66573169996942,0.0,1.009521144879696,3.369673645157893,0.5557241096201977,0.5165414683902196
3.846814942000492,16.216020324723267,1.1630461478944034,0.6272713940439674,12.44157836481092,1.128452846593124,0.44251966702945306,3.774600482864627,-0.1847517270145143,5.66573169996942,0.0,0.9780183526355536,3.368179948421532,0.5555325601683222,0.516381967319836
3.8474239220004165,16.216020324723267,1.1630461478944034,0.6272713940439674,12.443794748405946,1.1288898513628098,0.4426779447169357,3.772380210320177,-0.18459344932703162,5.66573169996942,0.0,0.9780183526355536,3.3452906677296963,0.5534051278854829,0.5147846271533528
3.866096233999997,16.246304308904524,1.2564016460435716,0.6420281141815063,12.496952466228697,1.1673126291492983,0.4528055641899412,3.750410123320889,-0.18922254999156504,5.66573169996942,0.0,0.9698493526358315,3.3435905996751445,0.553254076204801,0.514636344937512
3.8674029510002583,16.246304308904524,1.2564016460435716,0.6420281141815063,12.499138459896676,1.1677442804789218,0.4529613021768085,3.748214512062986,-0.18906681200469777,5.66573169996942,0.0,0.9698493526358315,3.3208327965376854,0.551408973801516,0.5124762869621651
3.886083342999882,16.340377126653415,1.3278650100817193,0.6621704618454639,12.55161780093325,1.20656289643106,0.46306145045211805,3.7907006517275446,-0.19910901139334586,5.66573169996942,0.0,0.9658100734934736,3.319143975680389,0.5512385884940769,0.5122874724119084
3.8873704930001622,16.358962880814957,1.3423806929458946,0.6662107242119268,12.553483665680455,1.2067772857039216,0.46315951332934974,3.807894476068939,-0.2030512108825771,5.66573169996942,0.0,0.9711451418390227,3.2964888395903684,0.548866621978523,0.5098190788556324
3.9067073220003294,16.447916734530153,1.4134880280346989,0.6853865530893166,12.605352206268094,1.246014134399385,0.4732411545163607,3.846212378289477,-0.21214539857295595,5.66573169996942,0.0,0.9487743533631373,3.294936549693077,0.548678693277163,0.5096401392871939
3.907328346000213,16.44921766864381,1.414551684043749,0.6856698770066131,12.607542875893056,1.2464794773753711,0.4734030609509484,3.845349591377998,-0.21226681605566466,5.66573169996942,0.0,0.9552625720355384,3.2722994676755963,0.5459477830478495,0.5070843839489895
3.9264862720001474,16.51781040151064,1.4711777540086883,0.7003594590935633,12.65556617315592,1.2836747180148618,0.4828427622175521,3.866792969369611,-0.2175166968760112,5.66573169996942,0.0,0.9446503342314065,3.2705918465721004,0.5457302403731911,0.5068779767767828
3.927287465000518,16.51781040151064,1.4711777540086883,0.7003594590935633,12.660759408150573,1.2864318868187803,0.4835839731716283,3.8614729574119293,-0.21677548592193502,5.66573169996942,0.0,0.9446503342314065,3.2481366901899453,0.542933094683562,0.5041793504258835
3.946036021000509,16.61478704313785,1.554219901805237,0.7217801900037466,12.708179416595978,1.3239768672940655,0.49299595283613057,3.913386641094388,-0.228784237167616,5.66573169996942,0.0,0.9763418250427177,3.246334030505564,0.542698794845045,0.5039524003707403
3.947277571000086,16.61478704313785,1.554219901805237,0.7217801900037466,12.712670824591937,1.3262549068913727,0.493608818920366,3.9087695022788336,-0.2281713710833806,5.66573169996942,0.0,0.9763418250427177,3.225178942986478,0.5399823350232071,0.5013160792469591
3.9659780130004947,16.67933487079866,1.6513312403612932,0.7499890388356214,12.75967927366911,1.3642793295344209,0.5030277911557277,3.93015251607598,-0.24696124767989372,5.66573169996942,0.0,0.9418166091219663,3.22238362831705,0.5396098182823821,0.5009573765761953
3.967569540000113,16.67933487079866,1.6513312403612932,0.7499890388356214,12.764428074698136,1.3668146502025176,0.5036974985295628,3.925231829106357,-0.24629154030605857,5.66573169996942,0.0,0.9418166091219663,3.2011602141656157,0.5367687647038523,0.4982280506124997
3.986006499000723,16.749064263647856,1.7169997614078152,0.7659398256837194,12.81038452866366,1.4048030972296193,0.5129967434754338,3.9510333853182225,-0.25294308220828565,5.66573169996942,0.0,0.9317553572880529,3.198221710159739,0.5363630303005095,0.4978399996320666
3.9872594270000263,16.749064263647856,1.7169997614078152,0.7659398256837194,12.81244312266192,1.4052220032370444,0.5131416947232715,3.948948135661876,-0.2527981309604479,5.66573169996942,0.0,0.9317553572880529,3.1772314526396888,0.5334567874351873,0.49506202980130065
4.006769466000151,16.83680500042781,1.8025304886253697,0.7862328945755249,12.860162385435357,1.4454184060243025,0.5228738398839904,3.9926451791905673,-0.2633590546915345,5.66573169996942,0.0,0.9187514641348171,3.175546495906818,0.5332166148773952,0.4948332535177209
4.007387577000372,16.83680500042781,1.8025304886253697,0.7862328945755249,12.862180178224254,1.4458168041236035,0.5230125537618242,3.9905998458862637,-0.2632203408137007,5.66573169996942,0.0,0.9187514641348171,3.153456050476322,0.5300847437921623,0.49184723866821944
4.026019728999927,16.909886587006778,1.8765328243310522,0.8030740263439968,12.90923533401731,1.4862855633776106,0.5327008930834541,4.019639706830434,-0.2703731332605427,5.66573169996942,0.0,0.9158993293354528,3.1517811732071825,0.5298415119246497,0.49161597851974737
4.027273071000309,16.909886587006778,1.8765328243310522,0.8030740263439968,12.911321201720414,1.4867537964332536,0.5328550929142037,4.017518242771181,-0.2702189334297931,5.66573169996942,0.0,0.9158993293354528,3.129731850104482,0.526653073731666,0.48858180071087065
4.046012781000172,16.9883992360719,1.95901955252065,0.822338068619073,12.956630189144718,1.526553660284967,0.5422787228936934,4.054896841561733,-0.2800593457253796,5.227567465009894,0.0,0.9251881753604185,3.1280144436676056,0.5263997333475499,0.48834134217882563
4.047232765999979,16.9883992360719,1.95901955252065,0.822338068619073,12.959677046832578,1.527860452455735,0.5426299210893919,4.051728106331675,-0.2797081475296811,5.227567465009894,0.0,0.9251881753604185,3.1065402742080295,0.5232410098395612,0.48534176522976913
4.066114408999965,16.98149577168875,2.0283729189406916,0.8387837144495495,13.004199637946257,1.5677746893363578,0.5519774170152266,4.003877528671128,-0.28680629743432284,5.227567465009894,0.0,0.9224149428316707,3.1043397983000083,0.5229129778598507,0.48503065497403486
4.067511160999857,17.002140956045075,2.0513581926212563,0.8442578343991226,13.007242067488427,1.569107543027184,0.5523311099551734,4.0239014424840285,-0.2919267244439492,5.227567465009894,0.0,0.9260050550108986,3.0853395730407,0.5197642613689654,0.48216601379210466
4.086789802000567,17.050687049920995,2.106462096676504,0.8574435730149091,13.050891150617286,1.6090344717096576,0.5615831559993744,4.030608077966267,-0.2958604170155348,5.227567465009894,0.0,0.9451443331554908,3.0832734856993227,0.5194429314566176,0.4818753027731812
4.08759067200026,17.050687049920995,2.106462096676504,0.8574435730149091,13.054093129262327,1.6105402508809123,0.5619735518486804,4.027244894935387,-0.2954700211662288,5.227567465009894,0.0,0.9451443331554908,3.0649067379945807,0.5166482538328013,0.479334121593781
4.106253249000474,17.13049081831039,2.2000267349808733,0.8797155537832294,13.099152186854623,1.652544352741075,0.5716071927351748,4.068344641292157,-0.3081083610480546,5.227567465009894,0.0,0.9367308075398758,3.0627751173772544,0.5163303009266424,0.47903102289044547
4.107162396000604,17.13049081831039,2.2000267349808733,0.8797155537832294,13.100195077417865,1.6521183833897062,0.571551054554264,4.067368599082183,-0.3081644992289654,5.227567465009894,0.0,0.9367308075398758,3.0435208684159925,0.5135271979615514,0.47627737081159893
4.126268464000532,17.185128815251062,2.2667955345450053,0.8951320212433206,13.142287088183911,1.6921951438622451,0.5806502391010345,4.083470930359133,-0.31448178214228606,5.227567465009894,0.0,0.9335448807999013,3.0423368535813573,0.5133457726547809,0.47610504919409546
4.127402312999948,17.185128815251062,2.2667955345450053,0.8951320212433206,13.145657699158503,1.6939254047547008,0.5810841948193798,4.07989057247275,-0.3140478264239408,5.227567465009894,0.0,0.9335448807999013,3.024194457241958,0.5105896972887521,0.47348176322419
4.146006757000578,17.253907292863456,2.3536543272314083,0.9147732620185195,13.187127979197502,1.7341950334250908,0.5901374147911838,4.11368737299571,-0.32463584722733574,5.227567465009894,0.0,0.9245938017916014,3.0219594705473796,0.5102430351143744,0.4731566371450579
4.147275678999904,17.253907292863456,2.3536543272314083,0.9147732620185195,13.190402701382572,1.7358720661099611,0.5905554045651952,4.110197621421937,-0.3242178574533244,5.227567465009894,0.0,0.9245938017916014,3.003879402457997,0.5074273331576539,0.47052942551012367
4.1660345549998965,17.268412445081168,2.467894588629324,0.9332648969054652,13.231334358978938,1.7764004257113721,0.5995794209886859,4.095871537369849,-0.33368547591677933,5.227567465009894,0.0,0.9299060267179111,3.0016733568247,0.5070831145202498,0.4702062349003091
4.167468891000681,17.268412445081168,2.467894588629324,0.9332648969054652,13.234517761215566,1.7780256654407651,0.5999821005794082,4.092459584614185,-0.33328279632605706,5.227567465009894,0.0,0.9299060267179111,2.983609723485311,0.5042731585447583,0.46756108072649055
4.1863640190003935,17.338369208934846,2.5638170093202617,0.9545608242711318,13.274732812355746,1.8186288209348682,0.6089379319623794,4.1313976085232325,-0.3456228923087523,5.227567465009894,0.0,0.9247791127231385,2.981430969573763,0.5039329631351421,0.46724049942141044
4.187288157000694,17.338369208934846,2.5638170093202617,0.9545608242711318,13.277846723506826,1.8202207183384553,0.609329715431787,4.128047758763026,-0.3452311088393447,5.227567465009894,0.0,0.9247791127231385,2.963467966542673,0.501134794507731,0.4646016830515206
4.206282400000418,17.389012846861267,2.6361007839280517,0.9701679478206758,13.317334020031934,1.8608684035627667,0.6182134505254391,4.144822518807906,-0.35195449729523676,5.227567465009894,0.0,0.9253074282651411,2.9613073528772875,0.5007958248508133,0.46428272114533253
4.207452092000494,17.408097355021795,2.663989494517903,0.9761286681112528,13.320631798049245,1.8626784741864901,0.6186495552471457,4.165269982935258,-0.35747911286410705,5.227567465009894,0.0,0.9221984382632883,2.943456740071495,0.497996634096334,0.46164942636676504
4.2260546040006375,17.462476035757096,2.7454369794276663,0.9930104131143754,13.359050490369476,1.9030074567821207,0.6273847223326234,4.189008081534873,-0.365625690781752,5.227567465009894,0.0,0.8960089338055132,2.941195142712798,0.49763992949233465,0.4613143142807044
4.227443657000549,17.466401342074143,2.751462649568084,0.9942309777903547,13.360727977415369,1.9032024004098134,0.6274672722859505,4.1923858633921744,-0.3667637055044043,5.227567465009894,0.0,0.8875871875652949,2.9236225300507273,0.4948691100223781,0.458711556434734
4.246008916000392,17.50570592036221,2.812411743063269,1.0066802225705103,13.40014465735047,1.9452907418345644,0.6365077733085223,4.196132995403556,-0.37017244926198795,5.227567465009894,0.0,0.890676635432112,2.922121107084689,0.49463112756851135,0.45848820045209654
4.247241631000179,17.50570592036221,2.812411743063269,1.0066802225705103,13.401800029471348,1.9454701966110077,0.6365864518771177,4.194476273178067,-0.37009377069339255,5.227567465009894,0.0,0.890676635432112,2.9038436303636845,0.4917393817425155,0.4557734446341147
4.266136221000124,17.52815259819922,2.9394982957552664,1.0307121887538888,13.440396264576954,1.9874721143024308,0.6455320843441675,4.197154475741943,-0.3851801044097213,5.227567465009894,0.0,0.9044316777353096,2.90234683051393,0.49150159021245876,0.45555039027653405
4.267510389000563,17.52815259819922,2.9394982957552664,1.0307121887538888,13.442289875872065,1.9879106560077708,0.6456654171492072,4.195210748201201,-0.3850467716046816,5.227567465009894,0.0,0.9044316777353096,2.8842374450868093,0.48860939774159123,0.4528222215142998
4.286778915000468,17.571662810433732,3.012906603451659,1.0455028268987407,13.48032706579628,2.0300766806393007,0.6545621730216326,4.2077289400011795,-0.3909406538771082,5.227567465009894,0.0,0.902233967238357,2.88262286998798,0.488339406515985,0.4525589117700985
4.2876655330001086,17.588170600192875,3.0413873568366747,1.0514564081153754,13.482146014668706,2.030445033595551,0.6546783722770285,4.228645442437695,-0.396778035838347,5.227567465009894,0.0,0.902233967238357,2.864868191467939,0.4845886997829137,0.44860952064014764
4.310736550000001,17.591922003217743,3.047949359537498,1.0528201746428412,13.519709970157274,2.0728174186805224,0.6635176606563276,4.187337237945132,-0.3893025139865136,4.988701283365543,0.0,0.902233967238357,2.863310653310765,0.48424208285237885,0.4482637170296204
4.311660985000344,17.59221409691526,3.048461914669979,1.052925725373961,13.523227204088121,2.0750520765265397,0.6640207298876333,4.183799833523766,-0.38890499548632773,4.988701283365543,0.0,0.9000867665169573,2.848934985355723,0.4799225928189755,0.44464724069782874
4.326294956000311,17.66915169941021,3.187052093755527,1.0816169526069908,13.558540382885885,2.1156879178366514,0.6724291513831911,4.247934391322467,-0.4091878012237996,4.988701283365543,0.0,0.9092653800251881,2.8468884971417188,0.4794741791352517,0.4443708662028765
4.327424509000593,17.66915169941021,3.187052093755527,1.0816169526069908,13.559986589867975,2.1156578911273796,0.6724607766377982,4.2465425271512895,-0.4091561759691925,4.988701283365543,0.0,0.9092653800251881,2.8334415146351386,0.4774021015212547,0.4432560285213856
4.346066563000022,17.718151951115217,3.2804966261113746,1.1011179773955553,13.596634294013983,2.158529899380127,0.6812790226280533,4.271500571659716,-0.419838954767502,4.988701283365543,0.0,0.936421347475774,2.83220610317029,0.4772445361798363,0.4431067305392268
4.347463900000548,17.718151951115217,3.2804966261113746,1.1011179773955553,13.598084573580053,2.1585089954419034,0.6813125301929553,4.270106724521622,-0.41980544720259994,4.988701283365543,0.0,0.936421347475774,2.8178813109387213,0.4760515451716078,0.44132839575126154
4.366054683000584,17.7098357400715,3.390682497317267,1.1210933537448453,13.634370663399451,2.2018031696004257,0.6901697614677595,4.245332689795461,-0.43092359227708577,4.988701283365543,0.0,0.9408671726546124,2.8166418272322615,0.4758912431441666,0.4411436037608845
4.367450703000031,17.722885615129346,3.41774586081403,1.1267490855598228,13.635926222448349,2.2019126988929902,0.6902305374719357,4.263975534058602,-0.43651854808788704,4.988701283365543,0.0,0.9352656214220186,2.7809875715364027,0.47329600839372166,0.4369650806646282
4.3866440440006045,17.75248471846031,3.4805723698515054,1.139483876255792,13.670828829272926,2.244404365756542,0.6988295156611525,4.264742211680112,-0.44065436059463947,4.988701283365543,0.0,0.9103116978602389,2.7783938387501075,0.4728968326581216,0.436411379960941
4.387325729000622,17.75248471846031,3.4805723698515054,1.139483876255792,13.672957244710934,2.245190762636859,0.6990237487378719,4.262477228621895,-0.4404601275179201,4.988701283365543,0.0,0.9103116978602389,2.7398756284941546,0.46465866934966016,0.42776234833892174
4.406354788000499,17.80046160650659,3.586735150301139,1.1605087805604992,13.706673382664322,2.2869251526662646,0.7073708157619842,4.295184286107083,-0.453137964798515,4.988701283365543,0.0,0.9089925709764091,2.7365004513478626,0.46381560790971416,0.42707548857393024
4.407269596999868,17.80046160650659,3.586735150301139,1.1605087805604992,13.708772232192974,2.287685211586079,0.7075572240346925,4.2929538407891785,-0.45295155652580676,4.988701283365543,0.0,0.9089925709764091,2.6989132570614647,0.45388971147568236,0.41953524294604216
4.426253256000564,17.833252831251702,3.663207034160409,1.1755903934690297,13.74132763122587,2.3286540346164197,0.7156739816530295,4.304054315549271,-0.4599164118160002,4.988701283365543,0.0,0.9019827694513497,2.6955173584084773,0.45314521982264105,0.418946291746853
4.42727023200041,17.833252831251702,3.663207034160409,1.1755903934690297,13.743295024694937,2.3292688248036666,0.7158303110511051,4.301993259617743,-0.45976008241792465,4.988701283365543,0.0,0.9019827694513497,2.6581918397464315,0.445450436971308,0.4122504912676121
4.446124789000351,17.87379581704261,3.76209919498005,1.195019738175265,13.77530478941687,2.3702557867679888,0.7238951427257042,4.328378076891164,-0.47112459544956076,4.988701283365543,0.0,0.8818806796716344,2.6548519579530154,0.4449760877746797,0.4118200353343416
4.44719496200014,17.87379581704261,3.76209919498005,1.195019738175265,13.776985902519927,2.3705352051967625,0.7239864647633444,4.326696408738765,-0.4710332734119206,4.988701283365543,0.0,0.8818806796716344,2.6168831121713247,0.43942917386800806,0.4065317461354
4.4665317660001165,17.913732286579695,3.8655532453766286,1.2146280787132364,13.808347051138886,2.4114358324542358,0.7319951356213324,4.355300837133928,-0.48263294309190397,4.988701283365543,0.0,0.8759650200134254,2.613820179008943,0.4390948362697142,0.40618772175247975
4.467643320000207,17.913732286579695,3.8655532453766286,1.2146280787132364,13.809976249419837,2.4116632295195344,0.7320776518215597,4.353689216140137,-0.4825504268916767,4.988701283365543,0.0,0.8759650200134254,2.5756108589277953,0.43406546294578147,0.4013196658557614
4.48647835400061,17.941977271321978,3.942655102406439,1.2287987949884247,13.840477922144315,2.4521946152466945,0.7399811216799219,4.363916747039207,-0.4888176733085028,4.988701283365543,0.0,0.8194112640777993,2.572569316493428,0.4337004805669404,0.4009602967784992
4.487581139000213,17.951945091059837,3.9706557009157786,1.2337494529962694,13.842060226328984,2.452373020138021,0.7400552950249277,4.38136233380594,-0.49369415797134164,4.988701283365543,0.0,0.8309482046074184,2.5345276200103535,0.42851751042754127,0.39606027771118174
4.507195787000455,17.942854924209737,4.1182121285775475,1.2559365619672878,13.871864861920166,2.4927074368353335,0.7478876084253652,4.383517490570375,-0.5080489535419226,4.988701283365543,0.0,0.8705954671025082,2.5315044578593677,0.42811215034970895,0.39568754417481306
4.507971590000125,17.949246673237496,4.137837122078344,1.2594075989354625,13.873328789314181,2.4927413092814517,0.7479348001754041,4.395389269424016,-0.5114727987600584,4.988701283365543,0.0,0.8389664173205564,2.493453680913263,0.42272280955870967,0.3906621844003596
4.526288638000551,17.979810277510733,4.235173406757583,1.27716698264785,13.901348336142739,2.531409773349822,0.7554115892097247,4.420029674754458,-0.5217553934381253,4.988701283365543,0.0,0.8650471006505617,2.490540423709313,0.422324499082332,0.3902921699111588
4.527444826000647,17.981034414687443,4.239221886056282,1.277868311691604,13.903737699380784,2.5326758675188317,0.7556989012967832,4.420028033625635,-0.5221694103948209,4.988701283365543,0.0,0.829857417154,2.4539561619357944,0.4170297392980023,0.38534302478328014
4.546314263000568,18.001350767929956,4.307559181734146,1.2899574868909989,13.931688870530897,2.5719061983801357,0.7632485264756784,4.424323590987372,-0.5267089604153204,4.7969667303275685,0.0,0.8665354593493956,2.449745456097283,0.41643453716622636,0.3847808042530393
4.549540476000402,18.001350767929956,4.307559181734146,1.2899574868909989,13.932210432947635,2.5706841809039678,0.7630539841672693,4.424323432377981,-0.5269035027237295,4.7969667303275685,0.0,0.8665354593493956,2.4125806812940604,0.4102918874235943,0.3786372043413318
4.569757672000378,18.02947256407198,4.407201935876657,1.3082316108649692,13.95956597152183,2.609671902076035,0.7704861234887003,4.449185756348958,-0.5377454873762689,4.7969667303275685,0.0,0.8079974521892795,2.4109261341659196,0.40995411443782825,0.3782778746275756
4.572983607999959,18.039997490719703,4.446361592313123,1.3152140452152243,13.96202195039481,2.611068805157175,0.77078954661663,4.47193292906711,-0.5444244985985943,4.7969667303275685,0.0,0.8082811547449913,2.3732412740372664,0.4009901507441658,0.36948691532332956
4.586704637000366,17.985169657766882,4.4343201549842535,1.3159074622385702,13.98765662149049,2.6482195823810044,0.7778035855838924,4.3783862016333535,-0.5381038766546778,4.7969667303275685,0.0,0.8132334499129729,2.3708971028448547,0.4004700838637315,0.3690262906537128
4.589036571000179,17.985169657766882,4.4343201549842535,1.3159074622385702,13.9894831306582,2.6487607166703726,0.7779407378073435,4.376497838531354,-0.5379667244312267,4.7969667303275685,0.0,0.8132334499129729,2.3374011770677514,0.39300412734163453,0.36393250790661164
4.607650042999921,18.009814385641345,4.531018176507615,1.3328753869262313,14.01593470878247,2.687611520744734,0.7852525599357028,4.398775167218397,-0.5476228269905284,4.7969667303275685,0.0,0.8031160463878203,2.335772918884628,0.39251814486935693,0.3634744150548049
4.608955310000056,18.009814385641345,4.531018176507615,1.3328753869262313,14.016726013499117,2.6867040042631656,0.7851133403292033,4.398437167185545,-0.547762046597028,4.7969667303275685,0.0,0.8076926820800495,2.3019433054634924,0.3872534954812906,0.35795649226530335
4.626258618000065,18.031062534408523,4.620558344604922,1.348519073380918,14.042812667394584,2.725598249412598,0.7923485715801065,4.4155419558767655,-0.5561705018008115,4.7969667303275685,0.0,0.8246808662444088,2.299726663229385,0.38672985280673505,0.35749195610190443
4.627484913999979,18.037018117517682,4.646930974568277,1.353164424201499,14.043555320817497,2.7246060687511946,0.7921918340506007,4.432051235280694,-0.5609725901508984,4.7969667303275685,0.0,0.8242418179531715,2.2666597409246,0.3785479685815994,0.3483832485074868
4.646271409000292,18.05283222127384,4.719926790235372,1.3661337562625502,14.06902609120057,2.763068578865466,0.7992560464529728,4.4384688059526995,-0.5668777098095774,4.7969667303275685,0.0,0.8245322882843636,2.264485708025116,0.3780827853111707,0.34792507639661235
4.647293359000287,18.05283222127384,4.719926790235372,1.3661337562625502,14.069815886662317,2.762127853459638,0.7991078231500498,4.438174827406239,-0.5670259331125004,4.7969667303275685,0.0,0.8245322882843636,2.2317718716366572,0.3686038593241759,0.3408120246696276
4.666062482000598,18.074088452687313,4.825625389990509,1.3844626208030606,14.09462169243891,2.800082632522464,0.8060230304206959,4.4653084057266605,-0.5784395903823647,4.7969667303275685,0.0,0.8073301971656975,2.229521584280609,0.3681210809481825,0.34039058838416175
4.667511764000665,18.074088452687313,4.825625389990509,1.3844626208030606,14.095406675303346,2.799119556363839,0.805870183762703,4.4650458653198815,-0.5785924370403577,4.7969667303275685,0.0,0.8073301971656975,2.196780322720465,0.3607664964214817,0.3340083055154972
4.6861293649999425,18.042720635669426,4.942363739634939,1.4044304975193067,14.118327894794039,2.834803655837433,0.8123158530909158,4.454510959853167,-0.5921146444283909,4.7969667303275685,0.0,0.7884058750132605,2.1945215781345526,0.3603086157595329,0.33358875047799424
4.687337003000721,18.042720635669426,4.942363739634939,1.4044304975193067,14.120410503659215,2.83573806465616,0.8125040928455127,4.45223410280162,-0.591926404673794,4.7969667303275685,0.0,0.7884058750132605,2.16247732370531,0.3539062990693574,0.326849563406517
4.70629856100004,18.059196325719718,5.043608985620757,1.4211496251866993,14.144088970570174,2.8729398214390174,0.8191088814797333,4.4765913620382545,-0.602040743706966,4.7969667303275685,0.0,0.7749875043830415,2.1603895686951464,0.353390035520758,0.3263195710335933
4.70738323400019,18.059196325719718,5.043608985620757,1.4211496251866993,14.144859388165232,2.8719132480355123,0.818935866371287,4.47641553448173,-0.6022137588154123,4.7969667303275685,0.0,0.7749875043830415,2.1316809406347095,0.3415894817693328,0.3134389537227137
4.726959438000449,18.07267929832334,5.135731940879954,1.4361211559230995,14.166802129733178,2.9066789084314077,0.8249233438001,4.497171764296086,-0.6111978121229995,4.7969667303275685,0.0,0.7512621024448015,2.129679021098095,0.340676233756403,0.31252119677916623
4.727830333000384,18.07267929832334,5.135731940879954,1.4361211559230995,14.168913783144518,2.907609620060795,0.8250755297216963,4.494876447026318,-0.6110456262014032,4.7969667303275685,0.0,0.7512621024448015,2.103720152089263,0.32597567958595686,0.30087071725387526
4.746161056000346,18.084644979614506,5.227320038674553,1.4506420335951296,14.190305439552722,2.941724712223946,0.8308671683028916,4.515509544844467,-0.6197748652922379,4.7969667303275685,0.0,0.7480823929238839,2.100025534164395,0.32426720754464006,0.29976375849427955
4.7473756990002585,18.084644979614506,5.227320038674553,1.4506420335951296,14.19240008446083,2.9426149395166283,0.8310061404652744,4.513252454047754,-0.6196358931298551,4.7969667303275685,0.0,0.7480823929238839,2.0731202177841963,0.3159056427231546,0.29480308164146524
4.766090869000436,18.096688059986956,5.331764873540072,1.4666149427165482,14.2133396684722,2.9764510591790123,0.8367164523041519,4.541794567569111,-0.6298984904123963,4.7969667303275685,0.0,0.7220132794974023,2.0693033327585537,0.31498424905865763,0.2939658085787417
4.767550794000272,18.096688059986956,5.331764873540072,1.4666149427165482,14.215508906570934,2.9774620605471407,0.8368711823782651,4.539415530239277,-0.6297437603382832,4.7969667303275685,0.0,0.7220132794974023,2.0416925233797936,0.31212671635229544,0.28960165916154884
4.786029257000337,18.105327509344132,5.417994120991471,1.4795442702117294,14.235904263556648,3.010955070940987,0.842495569140734,4.557002660028682,-0.6370487010709954,4.7969667303275685,0.0,0.7072704701364485,2.037669570368642,0.3115682626181041,0.288901079469866
4.787563601999864,18.10792810278499,5.446567648096979,1.4837565684495841,14.237945353768986,3.011779983633472,0.8426165692140851,4.572193942595296,-0.641139999235499,4.7969667303275685,0.0,0.7049963791609007,2.010218235614981,0.30830659267785415,0.28509682080320664
4.806235564999952,18.11333833479289,5.511610422791933,1.4942444788508855,14.25771423024227,3.0447306480525986,0.8481366052862809,4.577262616303521,-0.6461078735646046,4.258583792471329,0.0,0.6818829242429696,2.0063423635583857,0.3076194476831697,0.28447893184874434
4.8072527130007074,18.11333833479289,5.511610422791933,1.4942444788508855,14.258697942809912,3.043912569412932,0.8479821771644135,4.576875052596259,-0.646262301686472,4.258583792471329,0.0,0.6818829242429696,1.9811619932313482,0.3033555865537217,0.2812839048986666
4.826067936000072,18.07068948508713,5.554475798123361,1.5071046921996878,14.279299886622145,3.0785921967732133,0.8538074849767122,4.528204356561556,-0.6532972072229756,4.258583792471329,0.0,0.6524158202263739,1.9786191060854859,0.30273472547320285,0.28084290043450233
4.827204075000736,18.07068948508713,5.554475798123361,1.5071046921996878,14.28011229265572,3.0774950229149463,0.853610793139832,4.528124248795883,-0.6534938990598558,4.258583792471329,0.0,0.6524158202263739,1.9584210066351537,0.3028423636388494,0.2829855920492747
4.846109343000535,18.074782899837878,5.622415565559376,1.5175935064429797,14.300250628607898,3.1121031662673704,0.8595171330433864,4.533074255799891,-0.6580763733995934,4.258583792471329,0.0,0.6721023060997754,1.9565986700671372,0.3028310239272985,0.2830600859851828
4.847351878000154,18.074782899837878,5.622415565559376,1.5175935064429797,14.301047595865729,3.1109785250901774,0.8593200369696457,4.533033658896265,-0.6582734694733341,4.258583792471329,0.0,0.6721023060997754,1.9343837133687973,0.30689529347600963,0.28509733048383296
4.866557111000475,18.07959875288431,5.720712484988473,1.533532634938066,14.320708433139808,3.145461507025331,0.865212315066955,4.556443134218733,-0.6683203198711111,4.258583792471329,0.0,0.7058461166804475,1.9326076233472835,0.3068589584197201,0.28484459702020815
4.8674598340003286,18.07959875288431,5.720712484988473,1.533532634938066,14.321585551161991,3.1444561288635478,0.8650345769076406,4.556287966842449,-0.6684980580304254,4.258583792471329,0.0,0.7058461166804475,1.911558625050552,0.30589294738040895,0.2814598413508763
4.886028075000468,18.04068787690235,5.761749993652117,1.5482418205752522,14.340689883686174,3.178465252740738,0.8708313579947314,4.5125763375736145,-0.6774104625805207,4.258583792471329,0.0,0.7045861081811937,1.909736668659488,0.305511019585007,0.28113883397015577
4.887239626999872,18.04068787690235,5.761749993652117,1.5482418205752522,14.341635695118109,3.1775562064975635,0.8706715883005612,4.51232141731182,-0.6775702322746909,4.258583792471329,0.0,0.7045861081811937,1.8891501918372586,0.301152639175639,0.2794925947130818
4.906178528000055,18.042282444370834,5.851021787751785,1.5629924771130077,14.360280233871368,3.2112207193796576,0.8764214750664036,4.53052866216533,-0.6865710020466042,4.258583792471329,0.0,0.6910694159483112,1.8872253665349346,0.3007721776530529,0.27929282155291585
4.907265824000206,18.042282444370834,5.851021787751785,1.5629924771130077,14.361206536987426,3.210266659229491,0.8762546850655314,4.530331939795954,-0.6867377920474763,4.258583792471329,0.0,0.6910694159483112,1.8665378798938483,0.2980644916945116,0.27686333081310927
4.926008299000387,18.04256910050013,5.932195845200999,1.5761387464925478,14.379435791192384,3.243667041258577,0.8819177621737798,4.5438676005566006,-0.694220984318768,4.258583792471329,0.0,0.6887654989824072,1.86463567927201,0.2977652315428188,0.27646282901005587
4.927318945000479,18.042432234813084,5.957162317429942,1.5802083998946819,14.380356821792102,3.242689256305815,0.8817446172537615,4.558416427907984,-0.6984637826409203,4.258583792471329,0.0,0.6942911095029943,1.844513727536014,0.29396406517035883,0.2713051122446841
4.946041958000023,18.041698013264604,6.017251719754242,1.5898820150715451,14.398195913442093,3.275781738529542,0.887310556754535,4.559689157099111,-0.7025714583170102,4.258583792471329,0.0,0.6925303043726369,1.842632053439599,0.29354371139006313,0.2709116871479126
4.947249269000167,18.041698013264604,6.017251719754242,1.5898820150715451,14.39921544302597,3.2749551107896346,0.8871624788158179,4.559371663511435,-0.7027195362557273,4.258583792471329,0.0,0.6925303043726369,1.8227118247945602,0.28842223649847437,0.2673921413497042
4.9661610180000935,18.03969545971464,6.102461810055946,1.6037133081333843,14.416450109311313,3.3073526134596385,0.8925920962174647,4.576083728486245,-0.7111212119159196,4.258583792471329,0.0,0.689230610911224,1.8207016779650707,0.2879769934232809,0.26707330241833444
4.967428478999864,18.03969545971464,6.102461810055946,1.6037133081333843,14.417572116724338,3.3066903223710713,0.8924711898281912,4.575600039687356,-0.7112421183051931,4.258583792471329,0.0,0.689230610911224,1.8009989252409369,0.28404190783518707,0.26378911383878295
4.986106713000481,17.995548869253867,6.198677762602268,1.6195376428975043,14.434604206065323,3.339121222565779,0.8978779175106583,4.56698921609811,-0.7216597253868461,4.258583792471329,0.0,0.6929503047718663,1.7988482594590784,0.2836709821253829,0.2634061874536307
4.987359521000144,17.995548869253867,6.198677762602268,1.6195376428975043,14.435592324326397,3.3382134434858104,0.8977154508696645,4.566787352473324,-0.7218221920278398,4.258583792471329,0.0,0.6929503047718663,1.7789715690688885,0.28047240311291044,0.25982087486139793
5.0069866009998805,17.99179563201373,6.26985628998558,1.6310818056793432,14.452215432412753,3.3703052517497594,0.90303992923148,4.575590039846415,-0.7280418764478633,4.258583792471329,0.0,0.6858819563922445,1.7769719366121584,0.28013033781322433,0.2594865250845879
5.0077139670002,17.99179563201373,6.26985628998558,1.6310818056793432,14.45317208884379,3.3693276653530004,0.9028657441179985,4.57546968983399,-0.7282160615613448,4.258583792471329,0.0,0.6858819563922445,1.7573074593565265,0.27645778561696166,0.2561716840921332
5.026071825000145,17.98589115465532,6.360817818668929,1.6457532873234186,14.46951172091329,3.401264372729021,0.9081377442642529,4.596072336399711,-0.7376155430591658,4.258583792471329,0.0,0.6716911682683872,1.755343769070443,0.27608782122795134,0.25584735571192135
5.027198395000596,17.98589115465532,6.360817818668929,1.6457532873234186,14.470400127441584,3.400147612324536,0.9079396679243773,4.59611196917086,-0.7378136193990413,4.258583792471329,0.0,0.6716911682683872,1.735926471972737,0.27168281799263794,0.25167987357421157
5.046219681000366,17.97976319566793,6.438037369915567,1.6582829047020444,14.486444620400148,3.43182928516352,0.9131052754038862,4.608748389437146,-0.7451776292981582,3.957785297595715,0.0,0.6763829571942229,1.73406967194388,0.2712533158193147,0.25124506581356965
5.04778523799996,17.97976319566793,6.438037369915567,1.6582829047020444,14.487427088178757,3.430856703789148,0.9129261298595914,4.608638307178938,-0.7453567748424531,3.957785297595715,0.0,0.6763829571942229,1.7238489240208186,0.2649583083181554,0.24522420789404661
5.066098422999858,17.971456274653363,6.528183026304447,1.673594751935264,14.50279087743169,3.461390195363383,0.9177905245446548,4.629995454187239,-0.7558042273906093,3.957785297595715,0.0,0.667865425307659,1.7243950990656052,0.2643976747361125,0.24471928255729236
5.067602632000671,17.971456274653363,6.528183026304447,1.673594751935264,14.504375347456401,3.461475543591811,0.9177718521938678,4.628751985174688,-0.7558228997413963,3.957785297595715,0.0,0.667865425307659,1.7328247533901984,0.2587900032101783,0.2406995341560944
5.086131714000658,17.92918038717886,6.578639910438929,1.687330554194065,14.519796735106913,3.4922417351937596,0.9225943891416111,4.598885798013705,-0.764736165052454,3.957785297595715,0.0,0.6650882797396444,1.7328283273926741,0.2582326298463962,0.2403415874480529
5.087694535000082,17.92671709544558,6.599627977725966,1.690884634455009,14.521340767405212,3.4922344105724563,0.9225551872694134,4.610041509223611,-0.7683294471855956,3.957785297595715,0.0,0.6666692290904902,1.741141210308582,0.2554552754713942,0.23816632727989034
5.106360552999831,17.919795637687876,6.6555496968997465,1.7002944988979973,14.536863661057657,3.523430990729396,0.9273834241271157,4.610249054882987,-0.7729110747708816,3.957785297595715,0.0,0.6603290490688726,1.7411954567867411,0.25516927067913997,0.2378348449685933
5.10728207000011,17.919795637687876,6.6555496968997465,1.7002944988979973,14.538252462326948,3.5231261703764365,0.9272940291881568,4.60943721037035,-0.7730004697098405,3.957785297595715,0.0,0.6603290490688726,1.7492175889042465,0.25498959388281195,0.23743439620866127
5.126225536000675,17.90646283829814,6.753180304882421,1.7165501609765024,14.553847223749194,3.554769557748574,0.9321547317178663,4.633558326631779,-0.784395429258636,3.957785297595715,0.0,0.6477622762862183,1.7491914927788068,0.2547847214754567,0.23722407778362425
5.127234715000668,17.90646283829814,6.753180304882421,1.7165501609765024,14.555152774550475,3.554291624673411,0.9320339690169036,4.632943765225919,-0.7845161919595988,3.957785297595715,0.0,0.631879890994452,1.7574514826875316,0.25455521042297824,0.23643881539920417
5.146193055000367,17.897553039697204,6.812471281205656,1.7260430639422082,14.570685103119475,3.5860855902101143,0.9368574602565225,4.634394771109787,-0.7891856036856857,3.957785297595715,0.0,0.6206307515079229,1.7574362372046044,0.25419209087678196,0.23608292565734154
5.147471736000625,17.897553039697204,6.812471281205656,1.7260430639422082,14.57207175050474,3.585733978178287,0.9367504008141383,4.633644292294943,-0.7892926631280699,3.957785297595715,0.0,0.6206307515079229,1.766051379882368,0.2525313870315875,0.23469407102941664
5.166467437000392,17.88313627395917,6.901887024254941,1.740140427217968,14.587619214591818,3.6178157133176017,0.9415786620245713,4.652478593599645,-0.7985617651933966,3.957785297595715,0.0,0.5836767714703345,1.7660735684427868,0.2521893910065903,0.23447565078264254
5.167487646000154,17.88313627395917,6.901887024254941,1.740140427217968,14.588913667758185,3.6172717052758823,0.94144049540214,4.651945869512834,-0.7986999318158279,3.957785297595715,0.0,0.5836767714703345,1.7744872024935017,0.251604717080119,0.2349011248678356
5.186001355000371,17.836473888109108,6.975552487213398,1.7512157363447005,14.604455578698758,3.6496732187671816,0.9462923568289158,4.637608786933637,-0.8049233795157847,3.957785297595715,0.0,0.6479661623176954,1.774443998559049,0.2514442654093612,0.23475596348836747
5.187277112000629,17.836473888109108,6.975552487213398,1.7512157363447005,14.6057678811469,3.6491475770098116,0.9461546247628528,4.637071374267192,-0.8050611115818477,3.957785297595715,0.0,0.6479661623176954,1.7827584129411864,0.25228146135961327,0.2350230241252261
5.206262122000226,17.821232940690905,7.0570877401100365,1.7645499155104187,14.621200258634996,3.681697192557466,0.9509957670574377,4.651179475652727,-0.813554148452981,3.957785297595715,0.0,0.6580583896910126,1.7827231027396389,0.25217907672024187,0.2348823664848566
5.207247957000618,17.821232940690905,7.0570877401100365,1.7645499155104187,14.621806238030544,3.6797970021175304,0.9506537052488414,4.652141867422587,-0.8138962102615773,3.957785297595715,0.0,0.6580583896910126,1.7912536370090142,0.2522731092483344,0.23435341520491532
5.226010209000378,17.80561115404308,7.134994089288988,1.7777376387288937,14.637988637747153,3.71405694765499,0.955679970445528,4.662257321593901,-0.8220576682833656,3.957785297595715,0.0,0.6147029786387309,1.7909036606103224,0.25202421417285087,0.23407652585792513
5.227214424000522,17.80561115404308,7.134994089288988,1.7777376387288937,14.63859226906486,3.7121134469162977,0.9553277840335952,4.663273582982064,-0.8224098546952985,3.957785297595715,0.0,0.6147029786387309,1.8004776914584932,0.2494168103396004,0.23160938628008065
5.2463373710006636,17.785688331283275,7.227551252248884,1.792392940858439,14.654794349403895,3.746627973922302,0.9603213271082319,4.6818077700141,-0.8320716137502071,3.957785297595715,0.0,0.5940357528843003,1.8001433585567526,0.2490811486158238,0.23134295300844523
5.247432983000181,17.785323640908278,7.229169534038153,1.7926363058882016,14.655361766255373,3.7445749528782644,0.9599515754221568,4.683915107239838,-0.8326847304660447,3.957785297595715,0.0,0.5746212704410164,1.8097478369854219,0.2465679938723346,0.23012572817843197
5.266020880000724,17.770666329604598,7.293547306437506,1.80284123192888,14.670805139884504,3.777875441571634,0.9647256961155829,4.6871193772873285,-0.8381155358132971,3.957785297595715,0.0,0.6173523741893772,1.8093772710394582,0.24633647734420194,0.22995756735913733
5.267504938999991,17.770666329604598,7.293547306437506,1.80284123192888,14.67214137743746,3.777293048349896,0.9645602529055657,4.686672688242866,-0.8382809790233143,3.957785297595715,0.0,0.6173523741893772,1.8184712832432737,0.24551359153244368,0.2290237760920043
5.2861832200005665,17.718161946588225,7.3975531133017824,1.81733069912797,14.687564559982393,3.8108516604432308,0.9693125099771175,4.695630717128397,-0.8480181891508526,3.957785297595715,0.0,0.6414094780526688,1.8185257774160655,0.24529683665125504,0.22872839311683202
5.287289587000487,17.718161946588225,7.3975531133017824,1.81733069912797,14.688932060553771,3.8103055435793025,0.9691467414188346,4.695165474072682,-0.8481839577091355,3.957785297595715,0.0,0.6414094780526688,1.8278228280459776,0.24426109025348394,0.2272087400101561
5.307071619000453,17.701247668140784,7.463697911548323,1.8276133083863344,14.704246127840891,3.8439152160474572,0.9738472682089193,4.699451563236655,-0.8537660401774151,4.251624941811323,0.0,0.6365319246243989,1.8279130109249142,0.2439618087436102,0.22694141382294283
5.3079097230001935,17.701247668140784,7.463697911548323,1.8276133083863344,14.705645189417487,3.843403200787566,0.9736817722408645,4.698953926492095,-0.8539315361454699,4.251624941811323,0.0,0.6365319246243989,1.8373929554313524,0.24204685342590287,0.22547391432915614
5.325996276000296,17.678011224158624,7.5506757603509795,1.8407988364044225,14.721014299867916,3.877362875834844,0.9783644141439293,4.715618555165055,-0.8624344222604932,4.251624941811323,0.0,0.5961602976245165,1.8375087479017949,0.2417272588237252,0.22522927487056124
5.327281685000344,17.678011224158624,7.5506757603509795,1.8407988364044225,14.722336104303555,3.876667199910341,0.978168533262125,4.715331835228712,-0.8626303031422975,4.251624941811323,0.0,0.5961602976245165,1.8435259845191259,0.23859931148166905,0.2217934694202456
5.34604465800021,17.656395258711573,7.627687561494748,1.8519781879788795,14.737743107243714,3.9108153941909833,0.9827353220372207,4.725851149723756,-0.8692428659416588,4.251624941811323,0.0,0.591818621051622,1.8433939180283316,0.23816740730026578,0.2212783174904306
5.347456694000357,17.649218081314327,7.652527033038041,1.8555383969846249,14.739046464325348,3.9100465080421687,0.9825220150279054,4.740807876333065,-0.8730163819567195,4.251624941811323,0.0,0.5860263927302151,1.8458039032729427,0.23052074989932103,0.21332861225508615
5.36600499799988,17.627903234755816,7.724826754844567,1.8661094691046356,14.754309671950061,3.943982949354226,0.9869648964513155,4.748928283909261,-0.8791445726533201,4.251624941811323,0.0,0.5945508901771549,1.8431091232934984,0.23002843657201552,0.21302148347839117
5.367520823000632,17.626170670862603,7.730518089974576,1.8669430472232478,14.755643927404467,3.943255111941487,0.9867597280926033,4.752187354228412,-0.8801833191306445,4.251624941811323,0.0,0.5959115811849808,1.8337246394023818,0.22416917048215426,0.21051809811117778
5.38608091200058,17.60782947879947,7.789968851259568,1.8757752479683643,14.77069618189083,3.9770406724093346,0.9911672982159112,4.752656798202227,-0.884607949752453,4.251624941811323,0.0,0.6054666237023538,1.8317455078887497,0.22405071846238023,0.21052860765682738
5.387244492000718,17.60782947879947,7.789968851259568,1.8757752479683643,14.77195297185101,3.976148312722059,0.9909436693201603,4.752622714126668,-0.8848315786482039,4.251624941811323,0.0,0.6054666237023538,1.8218069635611807,0.22257308662169628,0.20817602535251886
5.40624738400038,17.579654083216358,7.8779013918893686,1.8886321000139885,14.786826962917083,4.009891526811119,0.9952742300726444,4.770889187585665,-0.8933578699413441,4.251624941811323,0.0,0.5861074618442729,1.8198426672483556,0.22250815524171186,0.20788831457053736
5.407227224000053,17.579654083216358,7.8779013918893686,1.8886321000139885,14.788140103886732,4.009096184956436,0.9950606090527274,4.770765559738194,-0.8935714909612611,4.251624941811323,0.0,0.5861074618442729,1.8105368870344454,0.2188116658208667,0.20244304503435692
5.426159024000299,17.513726557974557,7.965829753381267,1.9027834801016275,14.802758046445973,4.04247787522931,0.9992644670627765,4.768861523497825,-0.903519013038851,4.251624941811323,0.0,0.5883271323604718,1.8085756409524423,0.218414615673825,0.20209694928603966
5.427602728000238,17.5118288843309,7.971331110800275,1.903583526249961,14.80411504290455,4.041741994704527,0.9990554724451028,4.772146777750031,-0.9045280538048581,4.251624941811323,0.0,0.5833071371786389,1.7997642066651978,0.21191886623751793,0.19757908255811216
5.446735454000191,17.49170523707974,8.028935777992647,1.9117850331959165,14.818625350482598,4.075004451135107,1.0031683362646027,4.7727276286873535,-0.9086166969313139,4.251624941811323,0.0,0.5594324980928745,1.7978017824093786,0.2113484472650234,0.19714691974352214
5.447264129999894,17.49170523707974,8.028935777992647,1.9117850331959165,14.820026711319938,4.07432731342277,1.0029615519630823,4.7725039814602335,-0.9088234812328342,4.251624941811323,0.0,0.5594324980928745,1.7978017824093786,0.2113484472650234,0.19714691974352214
5.466168883000137,17.45740640742937,8.12448023542391,1.9247254830311884,14.834493413332657,4.107571281385447,1.0069444250831696,4.797419110275417,-0.9177810579480189,4.251624941811323,0.0,0.5367192529196886,1.7872238347913172,0.2046198798712468,0.19092673042354497
5.467605941999864,17.455083927366655,8.130764102812144,1.925558203162093,14.83583617665651,4.1067392316184375,1.0067128000500025,4.801378442029505,-0.9188454031120906,4.251624941811323,0.0,0.5346573526697257,1.7791087063219295,0.19709232505382174,0.18293131181132433
5.486092482000458,17.402240252159583,8.178133032700371,1.9322787889821686,14.850182269680422,4.139741175945374,1.0105467037359126,4.7771967443931675,-0.921732085246256,4.251624941811323,0.0,0.49863737022088955,1.7771883517904403,0.19651044566262602,0.1824032269008569
5.487334637000458,17.402240252159583,8.178133032700371,1.9322787889821686,14.850741418189491,4.137268529610205,1.0101287405007862,4.778988620208764,-0.9221500484813825,4.251624941811323,0.0,0.49863737022088955,1.7691784433234061,0.1888784626978731,0.17659880937682212
5.5063231570002245,17.36614752625769,8.272352130291793,1.9440373376237732,14.865791244429111,4.171744937978291,1.0140302164836248,4.8027867828723005,-0.9300071211401484,4.251624941811323,0.0,0.49434765081376975,1.7677629975509686,0.18868798528922515,0.17640416563261097
5.507587871000396,17.36562446058725,8.273687692938003,1.944205128124612,14.86629157775204,4.169113735955183,1.0135941563729414,4.805641708197039,-0.9306109717516706,4.251624941811323,0.0,0.4992656857913121,1.7593256753888873,0.18198917013296784,0.16998248617490563
5.526041556000564,17.340270751850593,8.337985188995845,1.9523773565985894,14.881333040405348,4.203596110666463,1.0173591641867765,4.8103583774784235,-0.9350181924118127,4.251624941811323,0.0,0.5016645007021292,1.75797233855108,0.18171330839507255,0.16970368167078598
5.527239717000157,17.340270751850593,8.337985188995845,1.9523773565985894,14.88185662003507,4.20096876889932,1.0169209560656816,4.812349208407317,-0.9354564005329078,4.251624941811323,0.0,0.5016645007021292,1.7499078940281685,0.17386816324302992,0.1615302188668225
5.546140069000103,17.30410662093328,8.427068162280223,1.9636574527854829,14.896806919013592,4.235231673701077,1.0205377318572797,4.833899564724754,-0.9431197209282032,4.325098058763608,0.0,0.4838757587878218,1.748553621256023,0.17353209348586213,0.1612568406876348
5.547353175999888,17.30410662093328,8.427068162280223,1.9636574527854829,14.8973765259848,4.23265559877152,1.020103361450273,4.835850132381107,-0.9435540913352098,4.325098058763608,0.0,0.4838757587878218,1.7405516735755049,0.16576291546247715,0.1553012778018222
5.56609693000064,17.270667242293342,8.507074052717268,1.9733157655264475,14.911497340177114,4.265227177353074,1.02345727022888,4.853756024058901,-0.9498584952975675,4.325098058763608,0.0,0.47169322212267245,1.739164780916187,0.16550203126532398,0.15508893792604267
5.567413161999866,17.270667242293342,8.507074052717268,1.9733157655264475,14.912832850447266,4.264172738681945,1.0231648475897537,4.854028695837595,-0.9501509179366938,4.325098058763608,0.0,0.47169322212267245,1.7307770680583818,0.1592069017356436,0.1487838392545805
5.586046383999928,17.217646012811237,8.565461738723048,1.9820425010218015,14.926861252568475,4.296515587057772,1.0263478936220087,4.844749329281987,-0.9556946073997927,4.325098058763608,0.0,0.45197884735008037,1.7288447384520893,0.15845076656845924,0.1478424707108608
5.587377522000679,17.217646012811237,8.565461738723048,1.9820425010218015,14.928163932603786,4.295335826826405,1.0260284699011202,4.845173216619007,-0.9560140311206813,4.325098058763608,0.0,0.45197884735008037,1.7207710294309237,0.1497819062970781,0.13865885573718545
5.606769220000388,17.185909428779514,8.637656569565822,1.9901960582898586,14.94212570949863,4.327366033759169,1.0290146334918313,4.859338420194086,-0.9611814247980273,4.325098058763608,0.0,0.43584048665952396,1.7189120655696608,0.14870148907553848,0.13770040787091042
5.607375773000058,17.185909428779514,8.637656569565822,1.9901960582898586,14.943437844388596,4.326131062778401,1.0286728276004156,4.859828289402747,-0.961523230689443,4.325098058763608,0.0,0.43584048665952396,1.711281271435143,0.1374979208752996,0.12780995361632672
5.626024249000693,17.148051565126433,8.721883906419922,1.9996513880735305,14.95750935225412,4.358117072755206,1.0314694058408889,4.88271811238041,-0.9681819822326416,4.325098058763608,0.0,0.44992819113952315,1.709467194531212,0.13618712250000273,0.1266545698843453
5.627250483999887,17.148051565126433,8.721883906419922,1.9996513880735305,14.958864457997205,4.35689195968075,1.031110791920014,4.883205390429392,-0.9685405961535165,4.325098058763608,0.0,0.44992819113952315,1.7019235903335328,0.12488181948766149,0.11658461843085349
5.646205693999946,17.114334635335734,8.7951167351112,2.0079089545427444,14.972897823730236,4.388545444126776,1.033693530336085,4.899349156839841,-0.9742154242066594,4.325098058763608,0.0,0.4347327394033131,1.7000831408786983,0.12374635538096215,0.11557838254400897
5.647748028000024,17.10286731398811,8.819648798209267,2.01064617408002,14.974319623125446,4.38738414805407,1.0333236660963576,4.916877586567734,-0.9773225079836625,4.325098058763608,0.0,0.4352262800598435,1.6926355576296366,0.11326910922316477,0.10561855330597406
5.666081406000558,17.073550554573373,8.881720723487302,2.017444475182193,14.988393941114857,4.418876640073868,1.0357157474619647,4.925937008885525,-0.9817287277202282,4.325098058763608,0.0,0.4314077885067747,1.690755852209947,0.11228542715668596,0.10465041130292425
5.667345151000518,17.073550554573373,8.881720723487302,2.017444475182193,14.989791773850406,4.417600713532925,1.0353210037055691,4.9265016106274775,-0.9821234714766238,4.325098058763608,0.0,0.42947513468505844,1.6833354230604174,0.10224787625187289,0.0952073814879662
5.686403435000102,17.018046006764916,8.94508153088186,2.0268404294570472,15.003645731061123,4.448425066973585,1.0375004000925612,4.927243430678414,-0.9893400293644861,4.325098058763608,0.0,0.38210804413609056,1.6814917503302895,0.101213305108593,0.0942063277684535
5.687420466000731,17.018046006764916,8.94508153088186,2.0268404294570472,15.005303123421593,4.447579064695135,1.0371143664756186,4.9273382619630315,-0.9897260629814286,4.325098058763608,0.0,0.38210804413609056,1.674263943395239,0.09152157608022178,0.08507863927648822
5.706477809000717,16.98802651752484,9.005971530340657,2.0326920664196653,15.01922544680922,4.478262306846433,1.0390990163521314,4.937238951941222,-0.9935930500675338,4.325098058763608,0.0,0.3342936598858682,1.672276742037444,0.0903117886829496,0.08399551774907958
5.707517830000143,16.98802651752484,9.005971530340657,2.0326920664196653,15.020502248525633,4.476619319133798,1.0386549380509233,4.938236851576211,-0.9940371283687419,4.325098058763608,0.0,0.3342936598858682,1.6651419242973873,0.07979508911576771,0.07391311950603163
5.726080766999985,16.949796179065043,9.082329912249282,2.039093574689912,15.034871569576945,4.507830397636922,1.0404687522402798,4.959131180883589,-0.9986248224496321,4.325098058763608,0.0,0.30192385541894845,1.6633803115181696,0.07900076799776667,0.07317244375744211
5.727184529000624,16.949796179065043,9.082329912249282,2.039093574689912,15.036007914948307,4.505863088365034,1.039998129358537,4.960507444806844,-0.999095445331375,4.325098058763608,0.0,0.30192385541894845,1.6560948013052204,0.06716711897454516,0.061851893509048225
5.74614944699988,16.90664093770818,9.167186311201503,2.045523226484815,15.050462136528456,4.536853162422183,1.0415855707331267,4.98852531422199,-1.0039376557516884,4.325098058763608,0.0,0.2742800021189534,1.654416948431118,0.06656203666088911,0.06126448529322655
5.747388370999943,16.90664093770818,9.167186311201503,2.045523226484815,15.051617795935279,4.534866461221366,1.041104826405776,4.989939683907312,-1.004418400079039,4.325098058763608,0.0,0.2742800021189534,1.647108284649279,0.054650643730142646,0.0505769746625311
5.766553350000322,16.871393122420148,9.235530697713097,2.050266360908553,15.066316508693946,4.565951616769436,1.04250548855898,5.006323039378092,-1.007760872349573,4.325098058763608,0.0,0.25732809830610714,1.6454214213986937,0.05406619963218562,0.050036101022749656
5.767486677999841,16.871393122420148,9.235530697713097,2.050266360908553,15.067309958960676,4.563614195064747,1.042005503321772,5.008145352163406,-1.0082608575867809,4.325098058763608,0.0,0.25732809830610714,1.6427738882651741,0.04381325804827404,0.04083892127346989
5.786120702000517,16.81014634962045,9.306993429475368,2.0566625064367914,15.082379405857807,4.594997796612353,1.0431848389274154,5.018772903417629,-1.013477667509376,4.325098058763608,0.0,0.20738002385603657,1.6432630604695486,0.04335579134704302,0.040406284392107084
5.78723100300067,16.81014634962045,9.306993429475368,2.0566625064367914,15.083472159327357,4.592778788578101,1.0426738374121147,5.0204803993118485,-1.0139886690246767,4.325098058763608,0.0,0.20738002385603657,1.667252606792454,0.0304735246320152,0.025550208113015966
5.8066862200003015,16.767445860808746,9.387544229717834,2.060701586163814,15.099012934702948,4.624415886629045,1.0435278564289838,5.0468861728445695,-1.01717372973483,4.271343626560328,0.0,0.17502871229949019,1.6672040732736781,0.02965535551441029,0.02468492522301695
5.8074041990003025,16.767081680161052,9.388227154064783,2.060732210406601,15.100070817987291,4.622065460476773,1.0430004649572533,5.049279404432976,-1.0177317454493475,4.271343626560328,0.0,0.1690097158134144,1.6897702106507262,0.01215706383405488,0.009084619701621326
5.8260123509999175,16.73777950050922,9.443069382268062,2.0631814584302917,15.116252963736807,4.654155027119656,1.0435641461713703,5.055991397382279,-1.0196173122589214,4.271343626560328,0.0,0.15096896954847053,1.689674756197798,0.011337570984451094,0.008424392803618012
5.827233842000169,16.73777950050922,9.443069382268062,2.0631814584302917,15.117190201931358,4.651533242233249,1.0430250863894215,5.058174399516568,-1.0201563720408702,4.271343626560328,0.0,0.15096896954847053,1.7125171425049823,-0.005158943052547854,-0.005311240518917558
5.846048602000337,16.68911941740729,9.533518310695998,2.066487065847193,15.133836239205355,4.683856917890129,1.0433121022020508,5.092948202099612,-1.0231749636451422,4.271343626560328,0.0,0.10684341231770038,1.712279772358507,-0.005693329457385244,-0.0058127094557136015
5.847291494000274,16.68911941740729,9.533518310695998,2.066487065847193,15.13482498796742,4.681264466393345,1.0427617839962757,5.095115164835598,-1.0237252818509173,4.271343626560328,0.0,0.10684341231770038,1.7354721326727,-0.019370352177716335,-0.019931893264826455
5.866308626999853,16.64808283131979,9.60928620171602,2.0681761465118034,15.151017662173235,4.7123526527128465,1.0428083995557782,5.1206603386696745,-1.0253677469560252,4.271343626560328,0.0,0.045908101782925294,1.7352472377792985,-0.0198981403749676,-0.020475284379998796
5.8674401960006435,16.64808283131979,9.60928620171602,2.0681761465118034,15.15304771381509,4.71141180630762,1.0422105894226468,5.120967056696372,-1.0259655570891566,4.271343626560328,0.0,0.045908101782925294,1.7571071045216196,-0.03271463643228041,-0.03284627441101371
5.886071345000346,16.606935419104083,9.654486576554865,2.0707646256808254,15.169558732593734,4.742523431948236,1.0420150693073233,5.1179520975579,-1.028749556373502,4.271343626560328,0.0,-0.01583275666111154,1.7581304387737928,-0.03410650058186269,-0.03414347555020887
5.887181162000161,16.606935419104083,9.654486576554865,2.0707646256808254,15.171751822184428,4.74175164995417,1.0413861280042118,5.118077414020774,-1.0293784976766136,4.271343626560328,0.0,-0.01583275666111154,1.7795889067884998,-0.04744780765054034,-0.04627606116767173
5.906237729000168,16.56723606437087,9.727181786927959,2.070333361244095,15.188738754204715,4.773120100015536,1.0409390835981012,5.14227401368975,-1.0293942776459937,4.271343626560328,0.0,-0.029176067787085872,1.780720669442657,-0.0489181166535565,-0.04762474242466311
5.90727062499991,16.56723606437087,9.727181786927959,2.070333361244095,15.190026065416857,4.7708233263308415,1.0403423886387393,5.1441419664655,-1.0299909726053555,4.271343626560328,0.0,-0.029176067787085872,1.801918420337083,-0.062459739698638675,-0.060779365837764145
5.926590361000308,16.52394367224002,9.806575481487993,2.069300056476212,15.208418618611342,4.803880599088035,1.0395702512959837,5.172771235335608,-1.0297298051802282,4.271343626560328,0.0,-0.0510072488623715,1.8019213867734944,-0.0632343109217115,-0.06152605401789039
5.927276827000242,16.52394367224002,9.806575481487993,2.069300056476212,15.209668106606383,4.801455943049332,1.0389640285249053,5.1747987261807635,-1.0303360279513065,4.271343626560328,0.0,-0.0510072488623715,1.8238807346727854,-0.07790619929820401,-0.07546058701816043
5.946013331999893,16.485456540508075,9.87732878991054,2.0681039073872394,15.22902757273221,4.8353982803495095,1.0378574049227636,5.196121343301048,-1.0302465024644758,4.271343626560328,0.0,-0.0798718503020311,1.8237876224185448,-0.07866974172149976,-0.07619867341751715
5.947397964000629,16.473003346306232,9.900271772873598,2.067639857628277,15.229952290586361,4.832412936053547,1.0372685329269458,5.218080980308888,-1.0303713247013313,4.271343626560328,0.0,-0.07710443446601341,1.845794039705409,-0.0948537222675002,-0.09136404332589453
5.96614522300024,16.465103403065335,9.91484297534855,2.067341305377798,15.248775573514763,4.8649577948522404,1.0359821379238872,5.194303969266282,-1.0313591674539109,4.271343626560328,0.0,-0.0771692514149198,1.845315961994974,-0.09531988331917474,-0.0917755058800018
5.967536537000342,16.433439099577015,9.973288564337455,2.065571422627627,15.250788640891622,4.86352827217831,1.0352784031709248,5.2448367325165695,-1.0302930194567022,4.271343626560328,0.0,-0.0890773440220521,1.8671247022632973,-0.11046760854727929,-0.10527847197986002
5.986041430000114,16.42161803641422,9.995206120062035,2.0648448628101415,15.269946154211402,4.896038054191169,1.0337622830638058,5.227605865810257,-1.0310825797463357,4.271343626560328,0.0,-0.1371020550752544,1.8665756996913738,-0.110828758921405,-0.10560581262003657
5.987230335000277,16.42161803641422,9.995206120062035,2.0648448628101415,15.271914876244733,4.894461140052658,1.0330488798310953,5.228710807416543,-1.0317959829790462,4.271343626560328,0.0,-0.1371020550752544,1.8880135112371177,-0.12392499475297244,-0.11790585181622568
6.0064447069999005,16.35629034267958,10.117014470873025,2.0594159950277655,15.292874864547823,4.929079305294574,1.031149662778824,5.295802466234527,-1.0282663322489416,4.271343626560328,0.0,-0.2366789139977072,1.8874032803723773,-0.1241766101489521,-0.11813494277274901
6.007273197000359,16.35629034267958,10.117014470873025,2.0594159950277655,15.293748899109792,4.925861048094056,1.0305538456019991,5.29877987636146,-1.0288621494257664,4.271343626560328,0.0,-0.2366789139977072,1.9087817723948766,-0.13640288325033303,-0.12973747294266857
6.026047022000057,16.33910271267997,10.166757957890631,2.058659944743549,15.31404721545808,4.959037641103181,1.0285544160477336,5.307644455901846,-1.0301055286958156,4.271343626560328,0.0,-0.24196396964880315,1.908189710506629,-0.13661282247442008,-0.12993146562174843
6.027232153000114,16.33910271267997,10.166757957890631,2.058659944743549,15.316077903566967,4.957391759966594,1.0278096060755753,5.308867670618118,-1.030850338667974,4.271343626560328,0.0,-0.24196396964880315,1.9279572777012886,-0.1496211565372278,-0.1428964322217787
6.046050706000642,16.29618568270047,10.247999483262232,2.053037380329847,15.336976655064463,4.9908418782575215,1.0255354681856932,5.343948731280763,-1.0275019121441538,4.321872031725426,0.0,-0.2815537331142674,1.9283666672262414,-0.15055880718303927,-0.14379239557826978
6.047275853999963,16.29618568270047,10.247999483262232,2.053037380329847,15.338943457199417,4.989028714017251,1.0247892532838048,5.345379895765628,-1.0282481270460422,4.321872031725426,0.0,-0.2815537331142674,1.9478007630492886,-0.16449895905439224,-0.15593794503694103
6.0666497480006,16.255839959735166,10.325420412478062,2.047180789910179,15.360342634454055,5.0226235819903025,1.0222966926464103,5.3778778049539815,-1.0248840972637687,4.321872031725426,0.0,-0.30110714378525233,1.948109231183979,-0.16527827471745873,-0.15658350729217935
6.067478351999853,16.255839959735166,10.325420412478062,2.047180789910179,15.362260022542165,5.02067190708643,1.0215509179173747,5.379483414753558,-1.0256298719928043,4.321872031725426,0.0,-0.30110714378525233,1.9672757071449902,-0.17687768881310234,-0.16661095459058473
6.086048043000119,16.224154322076924,10.408985370064944,2.0430360117871604,15.384241285764197,5.054566567715274,1.018829649846567,5.4198943365644805,-1.0242063619405934,4.321872031725426,0.0,-0.3360376160232292,1.9674404518568904,-0.17746128908367811,-0.1671717807104863
6.087242917000367,16.224154322076924,10.408985370064944,2.0430360117871604,15.386205347825618,5.052607617052819,1.0180699795312078,5.421525718505081,-1.0249660322559526,4.321872031725426,0.0,-0.3360376160232292,1.9856404772526584,-0.18847949443834036,-0.17868485264912445
6.1066019660001984,16.180810586320447,10.494378310384606,2.0354304890276467,15.408687118936689,5.086647796035975,1.0151165286144066,5.462574847514863,-1.02031396041324,4.321872031725426,0.0,-0.35036313727085894,1.985804509342832,-0.18910613993010653,-0.1793063360503961
6.10757013500006,16.180058022411377,10.495879850379916,2.0352895413648535,15.410712579145448,5.0846977983237,1.0143417859119248,5.465600023013884,-1.0209477554529287,4.321872031725426,0.0,-0.36504975378330157,2.003595581024601,-0.20106896906859598,-0.18999307996183235
6.126062450000063,16.152328854863846,10.551455440545105,2.0296812330350718,15.433560074675503,5.118682500559446,1.011203732874363,5.480114084288196,-1.0184775001607087,4.321872031725426,0.0,-0.3982768981046504,2.0037606749506,-0.20169859914098334,-0.19051981757111458
6.1272279310005615,16.152328854863846,10.551455440545105,2.0296812330350718,15.434368971290649,5.11511254295247,1.0106190606714993,5.483547254708974,-1.0190621723635724,4.321872031725426,0.0,-0.3982768981046504,2.0125287402616006,-0.21283135402710604,-0.20015216121729473
6.146210042999883,16.106076008997526,10.645886532663788,2.019269890567719,15.458666110749045,5.150367916935816,1.0070840529009084,5.533521883227968,-1.0121858376668107,4.321872031725426,0.0,-0.4752042124340671,2.0106178145970808,-0.21343641776265573,-0.20076051468278686
6.147305844000584,16.106076008997526,10.645886532663788,2.019269890567719,15.45958624858399,5.146896697028101,1.0064828022612098,5.536861766627748,-1.0127870883065093,4.321872031725426,0.0,-0.4752042124340671,2.000626656513537,-0.22395002252388924,-0.2110617687737886
6.166124385999865,16.07692796045049,10.706878604461695,2.0116203665949985,15.484059424540112,5.181750845775699,1.0027480717296549,5.556845314625471,-1.0088722948653437,4.321872031725426,0.0,-0.5165107563973746,1.999859676640991,-0.22397399762299453,-0.2110800911383803
6.167434824000338,16.07692796045049,10.706878604461695,2.0116203665949985,15.484943377282159,5.178193763236641,1.002154851415077,5.560287926025115,-1.0094655151799214,4.321872031725426,0.0,-0.5165107563973746,1.9886509799515826,-0.23422307649674262,-0.2197265812995637
6.185959508000451,16.03455266683681,10.844479940635003,1.9994938027489326,15.509470113966849,5.212546865089127,0.9982880708290248,5.656357649119799,-1.001205731919908,4.321872031725426,0.0,-0.6111079785014192,1.9879048224824711,-0.23420749462683282,-0.21970698491323032
6.187294954000208,16.03455266683681,10.844479940635003,1.9994938027489326,15.510553121353336,5.209189472592895,0.9976617820696798,5.659600178711666,-1.0018320206792528,4.321872031725426,0.0,-0.6111079785014192,1.9767621537423736,-0.24191407795857828,-0.22624248108698689
6.206693828000425,16.003117240868445,10.913900170148606,1.98892074104289,15.5350225670934,5.242974431212973,0.9936966337882025,5.690211890618769,-0.9952241072546875,4.321872031725426,0.0,-0.587935177325352,1.9759293041512807,-0.24192890932796077,-0.22625659759963196
6.2079935350002415,15.991896672330093,10.939153247598345,1.9850214831489492,15.536064158331543,5.239526225231724,0.9930795113371058,5.717825764651283,-0.9919419718118434,4.321872031725426,0.0,-0.587935177325352,1.9646144674020523,-0.24832500531700585,-0.2327961249514941
6.226079062000281,15.968343600015286,10.99314178331365,1.9764009819279664,15.56076428912286,5.273090565604703,0.9889647152197725,5.734553760135234,-0.987436266708194,4.321872031725426,0.0,-0.6289270796183165,1.9638051769382374,-0.24831392608073538,-0.23278602475680707
6.227400542999931,15.958305407996514,11.016533175216802,1.972773009971062,15.56190160606516,5.269712660678201,0.9883316320907781,5.760475848444062,-0.984441377880284,4.321872031725426,0.0,-0.6163796574011298,1.9520769099128294,-0.25494720916815766,-0.23866422659720316
6.246021122000457,15.932975858157693,11.07670838130008,1.9628064159812832,15.586632671945459,5.302817616166795,0.9841214706839378,5.7842690264481185,-0.9786849452973454,4.321872031725426,0.0,-0.6344724408535827,1.9512162278842642,-0.25498053747129956,-0.23870443126922844
6.247280897000564,15.932975858157693,11.07670838130008,1.9628064159812832,15.58774746572607,5.299371367789031,0.9834936812554118,5.787642491604477,-0.9793127347258714,4.321872031725426,0.0,-0.6344724408535827,1.9393114236907083,-0.2609528865013643,-0.24365397620448323
6.2659948400005305,15.901400368436088,11.153842427977866,1.9503534836676861,15.611317929005558,5.330713301872947,0.9794270131485308,5.830349958703799,-0.9709264705191554,4.321872031725426,0.0,-0.6590750357103675,1.9384590258114975,-0.2609977784078829,-0.24368623082729685
6.267395280000528,15.901400368436088,11.153842427977866,1.9503534836676861,15.613686441693478,5.32862998213167,0.9785599813101908,5.832313378315939,-0.9717935023574953,4.321872031725426,0.0,-0.6590750357103675,1.9269928687112965,-0.2656850337193243,-0.24808454977813618
6.285967229000562,15.866153315540918,11.243740760041504,1.9356201855437598,15.637304930746362,5.359607776517132,0.9744146783098192,5.888581539812666,-0.9612055072339406,4.321872031725426,0.0,-0.6680647346712845,1.9255076707861236,-0.26595898746483954,-0.24833711449235502
6.287228500999845,15.866153315540918,11.243740760041504,1.9356201855437598,15.63998278334765,5.357801157941991,0.9734859336510392,5.890283364083256,-0.9621342518927206,4.321872031725426,0.0,-0.6680647346712845,1.913893215316217,-0.27000550923822386,-0.2519216877387089
6.3062287540005855,15.864954825230518,11.359253624727915,1.9236605878323085,15.663361089881384,5.388114260641386,0.9693323289650906,5.97454143340522,-0.954328258867218,4.8685707037620904,0.0,-0.6896533681988415,1.9122539351686825,-0.27025654132281646,-0.2521197693052598
6.307439279000391,15.863203455299198,11.364011725838429,1.922939843657064,15.666205762656807,5.386421339430256,0.9683691712929023,5.980835637148528,-0.9545706723641616,4.8685707037620904,0.0,-0.6952503131071592,1.8992533835121992,-0.27361936645583945,-0.25503062303516033
6.3260133160001715,15.838670868427318,11.431559108364674,1.9125611621927285,15.689421505779105,5.4161763015284645,0.9642051338043718,6.017234056028697,-0.9483560283883568,4.8685707037620904,0.0,-0.7144356911236677,1.896074451897544,-0.2737766516666614,-0.25517915906780364
6.327190906999931,15.838670868427318,11.431559108364674,1.9125611621927285,15.690870583978606,5.412929739688974,0.9635187696343519,6.020443870809591,-0.9490423925583766,4.8685707037620904,0.0,-0.7144356911236677,1.8763579852290275,-0.274578082273907,-0.2547643497589503
6.346428784000636,15.804442031560596,11.529369642317418,1.8971589784128984,15.715316105376504,5.443711903498365,0.9591207544871301,6.08631033917647,-0.9380382239257683,4.8685707037620904,0.0,-0.7470886186903479,1.8737455817166297,-0.27429410897554324,-0.2543896968126852
6.347187129000304,15.804442031560596,11.529369642317418,1.8971589784128984,15.716792546313386,5.440457391097558,0.9584327939853865,6.089543072786283,-0.9387261844275119,4.8685707037620904,0.0,-0.7470886186903479,1.854618315227047,-0.27216579670872043,-0.2527716457698467
6.366093894000187,15.77313853532837,11.623349181872104,1.8819049995554795,15.741134830647166,5.47086376666794,0.9540428990856666,6.1525686523120795,-0.927862100469813,4.8685707037620904,0.0,-0.7528094274176265,1.8531214675061982,-0.27191995806905556,-0.2526283208125401
6.367371136000656,15.77313853532837,11.623349181872104,1.8819049995554795,15.743851312104313,5.46886491494154,0.9531127345230274,6.15455395080261,-0.9287922650324522,4.8685707037620904,0.0,-0.7513539739696916,1.8324667861383253,-0.2704387951300216,-0.2523131104335421
6.38602260100015,15.776003834095526,11.734246081740483,1.8671634692228012,15.766690167797913,5.497401945472649,0.9490061890645253,6.236851090452487,-0.9181572801582759,4.8685707037620904,0.0,-0.7618322467772036,1.8298799702370554,-0.27026808135357266,-0.25213899874228657
6.3872385260001465,15.776003834095526,11.734246081740483,1.8671634692228012,15.768020314862918,5.493919314968761,0.9483519755477873,6.240331873599909,-0.9188114936750139,4.8685707037620904,0.0,-0.7618322467772036,1.8102730368913256,-0.2699286423600672,-0.25097312040818265
6.406275416999961,15.744562761905003,11.83966401617095,1.8495768429486084,15.792018580087468,5.523374300585752,0.9440200945565598,6.316467986611403,-0.9055567483920486,4.8685707037620904,0.0,-0.7764579538543904,1.8088903902061944,-0.2698011747994227,-0.25080993216541697
6.407193627000197,15.744562761905003,11.83966401617095,1.8495768429486084,15.793500343007473,5.520011158621657,0.9433393099084139,6.319842334012384,-0.9062375330401945,4.8685707037620904,0.0,-0.7764579538543904,1.7883524624462694,-0.26828300839494124,-0.2489220066104662
6.426027207000516,15.72357216357502,11.914043980065765,1.837313975093489,15.817226726991713,5.548951974417889,0.9390764545141048,6.365780974681054,-0.8982375205793842,4.8685707037620904,0.0,-0.7704032337752538,1.7868602402494607,-0.2680408276985292,-0.24869086447700695
6.427224426000066,15.72357216357502,11.914043980065765,1.837313975093489,15.818762460489193,5.545608708236594,0.938387828441977,6.369146646459359,-0.898926146651512,4.8685707037620904,0.0,-0.7704032337752538,1.7614872105266788,-0.2646425127085005,-0.24618912511442076
6.446091861000241,15.693216511337218,12.027982073228305,1.8190789176205673,15.842223091583389,5.573989531846045,0.9341485660093647,6.455712407254098,-0.8849303516112026,4.8685707037620904,0.0,-0.7478553543234211,1.7580584855523387,-0.26437704761884506,-0.24606052999975253
6.447357525999905,15.693216511337218,12.027982073228305,1.8190789176205673,15.843654848545583,5.570502353940644,0.9334805496588837,6.459231844291817,-0.8855983679616836,4.8685707037620904,0.0,-0.7478553543234211,1.7132881764709764,-0.2620613055599674,-0.24372704928615282
6.46600089399999,15.673292765210642,12.10792802786271,1.8064714117258542,15.866664984468319,5.598088264606902,0.9292721196192656,6.51271115269571,-0.8771992921065886,4.8685707037620904,0.0,-0.7555177654498014,1.7105856561720592,-0.2618956755008642,-0.2435809765052731
6.467399873999966,15.673292765210642,12.10792802786271,1.8064714117258542,15.868000757088373,5.594468050033687,0.9286230083445798,6.516369547906374,-0.8778484033812745,4.8685707037620904,0.0,-0.7555177654498014,1.6662117796126417,-0.2603284595375082,-0.24173275036150912
6.486600829000054,15.650866396296895,12.203055927203495,1.7911927376863794,15.891090837607964,5.62180121984369,0.9243652125010351,6.585637501817786,-0.8668275251853443,4.8685707037620904,0.0,-0.7690931546784946,1.6636514349780909,-0.26013954464673533,-0.24150038147903025
6.487386862000676,15.650866396296895,12.203055927203495,1.7911927376863794,15.89197782883537,5.617713746078978,0.9238078702807351,6.589754651381079,-0.8673848674056445,4.8685707037620904,0.0,-0.7690931546784946,1.6185206533402392,-0.2566139907439519,-0.237347438664433
6.506202721000591,15.691616526339283,12.27778647235935,1.7751068184628487,15.914580994416417,5.644314411532471,0.9196309354097397,6.637218147371362,-0.855475883053109,4.8685707037620904,0.0,-0.7603567283692099,1.6168262969527352,-0.2564007195528637,-0.23714779472545922
6.50728576200072,15.691616526339283,12.27778647235935,1.7751068184628487,15.915301836407385,5.640042603620361,0.9191086637613557,6.641511784595606,-0.855998154701493,4.8685707037620904,0.0,-0.7603567283692099,1.5719128445507276,-0.2510139860294062,-0.23270692078997146
6.526037680000627,15.673167201109054,12.368971376085355,1.7605835949965614,15.936274604304936,5.6648779130898195,0.9152466189989283,6.709254404641096,-0.845336975997633,4.8685707037620904,0.0,-0.7558448692910745,1.570533529807625,-0.25081992004214193,-0.23254602969412141
6.52739538700007,15.66775980352557,12.39713581466451,1.756119499982334,15.938038186457284,5.66156590120682,0.9145154481440648,6.740990466048489,-0.8416040518382691,4.8685707037620904,0.0,-0.7582053396935512,1.5280608229864405,-0.24522831155045335,-0.22736998885896878
6.5460192079999615,15.653758196354104,12.473241230939143,1.7442711061156788,15.958514873345822,5.685758444344427,0.9107728555929931,6.79432110004308,-0.8334982505226857,4.0812209550426335,0.0,-0.7751304263216031,1.5245484852422229,-0.24473047735846196,-0.22686077461370036
6.547268956000153,15.653758196354104,12.473241230939143,1.7442711061156788,15.960278415319719,5.682415340980734,0.9100452321443413,6.797740132747363,-0.8342258739713375,4.0812209550426335,0.0,-0.7751304263216031,1.48256878708415,-0.2376693389267973,-0.2197169113981482
6.566047314000571,15.641032712174397,12.547879516650017,1.7304276183527372,15.980111289018755,5.705875445639342,0.9064542592857129,6.850401009357149,-0.8239733590670243,4.0812209550426335,0.0,-0.7240498054536139,1.4790078580974961,-0.2370813878405403,-0.21917880705120146
6.567435597999975,15.641032712174397,12.547879516650017,1.7304276183527372,15.981913411816953,5.702539159944413,0.9057210638777934,6.853822601332135,-0.8247065544749438,4.0812209550426335,0.0,-0.7240498054536139,1.437333456654256,-0.22968517722568382,-0.2132375795280876
6.58599413400043,15.63183919548227,12.60608882917343,1.7193751114340892,16.0011126123219,5.725291398295756,0.9022697396116879,6.8906992490716945,-0.8171053718224013,4.0812209550426335,0.0,-0.77891915719719,1.4336108495855782,-0.2290997737905138,-0.21275339479000896
6.587227797000196,15.63183919548227,12.60608882917343,1.7193751114340892,16.002976989189733,5.721986387160365,0.9015285861413769,6.894099628961587,-0.8178465252927123,4.0812209550426335,0.0,-0.77891915719719,1.401179759364009,-0.22218572448181426,-0.20616545753252374
6.60625749600058,15.617362407043434,12.70733855385647,1.7000966335090086,16.02178749399027,5.744362633677732,0.8982549082755957,6.974710984402214,-0.8018417252334129,4.0812209550426335,0.0,-0.7793442484227229,1.3979924522976952,-0.22146522980751734,-0.20541932482555622
6.608061128000372,15.61438193389904,12.730318008379943,1.6956806484550802,16.02360312008327,5.740995690320828,0.897534116729159,7.001291912564514,-0.7981465317259212,4.0812209550426335,0.0,-0.777661454444952,1.3697741385865128,-0.2099729777847072,-0.1932379364879303
6.626031685000271,15.607327019641303,12.788582931728454,1.684914940172325,16.041999791604574,5.763062524625174,0.8944477433911822,7.038954283791796,-0.7904671967811429,4.0812209550426335,0.0,-0.7477037833583656,1.3683810645970482,-0.20970649412606568,-0.19299480336482885
6.627220478000709,15.607327019641303,12.788582931728454,1.684914940172325,16.043670367403777,5.759544957110497,0.893758669111389,7.042568449490419,-0.7911562710609359,4.0812209550426335,0.0,-0.7477037833583656,1.3412926788915707,-0.19985889535564855,-0.1872382508231371
6.646315601999959,15.596545912017366,12.88872152916677,1.6665420584630166,16.06180797840982,5.781315979505258,0.8907057764486627,7.122617667528071,-0.775836282014354,4.0812209550426335,0.0,-0.7344495872495658,1.3384465978612208,-0.19927679391151282,-0.1869159535240699
6.647439074999966,15.665126483944892,12.856058149221582,1.6659640269522937,16.06345749977581,5.777752828763362,0.8900215716726063,7.089504482529088,-0.7759424552796874,4.0812209550426335,0.0,-0.7383603550698178,1.3099493832427724,-0.19660103818328623,-0.18494214008006646
6.666645479000181,15.659077998651691,12.922254245902899,1.6540180884005147,16.081289501686054,5.7990385346470275,0.887020129545165,7.135717526806749,-0.7669979588553497,4.0812209550426335,0.0,-0.7281831213821234,1.307055571834722,-0.196364690878613,-0.18458456832695377
6.667717201999949,15.659077998651691,12.922254245902899,1.6540180884005147,16.082800492715002,5.795320497083639,0.8863642510187472,7.1395185700461745,-0.7676538373817675,4.0812209550426335,0.0,-0.7281831213821234,1.2783638915078226,-0.19618599596578437,-0.18135523140094265
6.686205652000353,15.69945693262063,13.025723746572309,1.6374426380860687,16.10031351357187,5.8161447537183015,0.8834226724111347,7.220714317343798,-0.754019965674934,4.0812209550426335,0.0,-0.6983789094647409,1.275667795075627,-0.1959007185714401,-0.18100482254229627
6.687315955000486,15.69932403270279,13.027717944929474,1.637100741511076,16.101786446046372,5.812369218521947,0.8827754213329083,7.2265644145627785,-0.7543253201781678,4.0812209550426335,0.0,-0.6916843735889435,1.2474539662635133,-0.1922859292977729,-0.17804078791993494
6.706224606999967,15.694263113692477,13.109793881112354,1.623179736374133,16.119035233229884,5.832866751891837,0.8798720717805185,7.2893140827873415,-0.7433076645936144,4.0812209550426335,0.0,-0.6908820704511816,1.244803594804573,-0.19183824185808546,-0.17770037912749392
6.707388778000677,15.694263113692477,13.109793881112354,1.623179736374133,16.120368869486153,5.82894664392509,0.8792525135015294,7.293305327927655,-0.7439272228726035,4.0812209550426335,0.0,-0.6908820704511816,1.216626772005073,-0.18688229197191986,-0.1745424557231564
6.7260218090004855,15.690451846845269,13.190949555440639,1.6093731187445592,16.13733274937808,5.8490877438983935,0.8763952980788415,7.355449503655839,-0.7329778206657177,4.0812209550426335,0.0,-0.711331514046703,1.2141609361886936,-0.18649804528936093,-0.17421934653757992
6.72727658400072,15.690451846845269,13.190949555440639,1.6093731187445592,16.138555807433328,5.845048839130384,0.8757979879737037,7.359555318997352,-0.7335751307708556,4.0812209550426335,0.0,-0.711331514046703,1.1855728042237121,-0.18345912745833187,-0.17110588742560365
6.746121674000278,15.688183326204777,13.25641485654105,1.598064170325982,16.155240485031303,5.864795457439747,0.8729789898180417,7.40636076158742,-0.7250851805079404,4.0812209550426335,0.0,-0.6979408959990653,1.1832417253434422,-0.18317535412347388,-0.17082172641176335
6.747214253000493,15.688183326204777,13.25641485654105,1.598064170325982,16.156419640962667,5.860696457898632,0.8723903147810327,7.410526019013496,-0.7256738555449492,4.0812209550426335,0.0,-0.6979408959990653,1.154219644699773,-0.1813800372880363,-0.16872839252274385
6.766030583000429,15.686231790031787,13.340824144606081,1.5835572460494896,16.172750650660223,5.8799772766659375,0.8696091195671473,7.476692891151772,-0.7139481264823424,4.0812209550426335,0.0,-0.6999483076204941,1.1519137915978495,-0.1811423687034088,-0.16850419051356805
6.767387462000443,15.686231790031787,13.340824144606081,1.5835572460494896,16.1738864068336,5.875819746740001,0.8690288781352489,7.480915564651698,-0.7145283679142407,4.0812209550426335,0.0,-0.6999483076204941,1.1228924129983633,-0.17894169569432625,-0.16635306162614236
6.786034716999893,15.732324097737166,13.406010079175433,1.5712517501758736,16.189820453164778,5.894623083750405,0.866302383225813,7.525306472846788,-0.7049493669500606,4.0812209550426335,0.0,-0.690668030640574,1.1206286322059276,-0.17868189608633406,-0.16609917244627878
6.787217546000647,15.732324097737166,13.406010079175433,1.5712517501758736,16.190949467574235,5.890440408690359,0.8657238585743882,7.52955009955929,-0.7055278916014854,4.0812209550426335,0.0,-0.690668030640574,1.0917750999575244,-0.17571993004628245,-0.16333867173733588
6.806246959000418,15.732707287635627,13.48861244991874,1.5567628301533052,16.206521305920845,5.908819212042322,0.8630521362679057,7.594587892234882,-0.6937106938853994,3.8222114799253992,0.0,-0.6991536494918142,1.0894872737516563,-0.17541883114275844,-0.1630624966962209
6.807292400000733,15.732707287635627,13.48861244991874,1.5567628301533052,16.207663979023074,5.904630133617688,0.8624716477005885,7.598840150487494,-0.6942911824527167,3.8222114799253992,0.0,-0.6991536494918142,1.060693172404148,-0.17194139568596847,-0.15988220461176889
6.826057223000134,15.734042128934862,13.561503402006993,1.543365053626799,16.22197483183376,5.921851837827467,0.8600400213062446,7.655217459003297,-0.6833250323205545,3.8222114799253992,0.0,-0.7060993977119889,1.0583419092051582,-0.1715993233084235,-0.15956886494871508
6.827343304000351,15.734682876852133,13.584643014063063,1.5390996123900402,16.223067013039255,5.9176048076823,0.8594704845866228,7.682577296882967,-0.6796291278034174,3.8222114799253992,0.0,-0.7070329484114103,1.0347900612412293,-0.16817578852155668,-0.15647420151497957
6.8460906370000885,15.736535973055327,13.637871599856084,1.5294401258374295,16.238022226753625,5.935283961852529,0.8569039265801973,7.718895308512321,-0.6725361992572323,3.8222114799253992,0.0,-0.6740570726238165,1.0313441086951893,-0.1676755038545155,-0.15605815443103668
6.847207602000708,15.736535973055327,13.637871599856084,1.5294401258374295,16.238970431628555,5.930900222813416,0.8563629055929807,7.723331417964448,-0.6730772202444488,3.8222114799253992,0.0,-0.6740570726238165,1.0080219938515738,-0.16491028857695003,-0.15375641094765302
6.866224612000224,15.740850016851178,13.729948724194516,1.5130698728372218,16.253544280164153,5.948157420158468,0.8538552470344583,7.798662148548627,-0.6592146258027636,3.8222114799253992,0.0,-0.681764705148882,1.006153840419465,-0.16466968913708846,-0.15352942037381792
6.8673468650004,15.740850016851178,13.729948724194516,1.5130698728372218,16.255303791811993,5.944425970251429,0.8531548898062699,7.8025013450006515,-0.659914983030952,3.8222114799253992,0.0,-0.6887126652184766,0.9813737780943625,-0.1622942300892243,-0.15103064430594984
6.886057239000365,15.796433884562163,13.769168635254577,1.5022569849780996,16.268804972426874,5.960709023777635,0.850854585442653,7.822734556963896,-0.6514023995354465,3.8222114799253992,0.0,-0.7054610896703624,0.9780584237240375,-0.1619296399524183,-0.15065407076166118
6.887254588999895,15.796433884562163,13.769168635254577,1.5022569849780996,16.269812881409,5.956350104748398,0.8503078583538892,7.827146419051865,-0.6519491266242102,3.8222114799253992,0.0,-0.7054610896703624,0.9693568990698741,-0.15920437841584265,-0.14775905299276684
6.906797823000488,15.802891784301268,13.85649452842221,1.4859886809322596,16.284065255547617,5.973263355672388,0.8479130737277288,7.897902356477054,-0.6380756072045307,3.8222114799253992,0.0,-0.7096056840954504,0.9694911047075467,-0.15888353215115442,-0.1474017546866168
6.907344314000511,15.802891784301268,13.85649452842221,1.4859886809322596,16.285074158541185,5.968903638862648,0.8473742184425189,7.902315476054512,-0.6386144624897406,3.8222114799253992,0.0,-0.7096056840954504,0.9671806089034292,-0.15495409227940884,-0.1441594905693115
6.926037516000179,15.808749414921518,13.921914121060922,1.4738453384839802,16.299239709060604,5.985775986882952,0.8450448258863167,7.951280979401901,-0.6288005125976636,3.8222114799253992,0.0,-0.7039301755449675,0.9679392404210302,-0.15457134052253574,-0.1438751025971612
6.9272252560003835,15.808749414921518,13.921914121060922,1.4738453384839802,16.300199746018613,5.9813733995492955,0.8445217196019881,7.955734433596928,-0.6293236188819922,3.8222114799253992,0.0,-0.7039301755449675,0.9656809224638394,-0.1512019055209547,-0.1415467192026125
6.946270467000431,15.818276547048821,14.013738633637459,1.45675252797242,16.314332877376913,5.998209264047941,0.8422230434584983,8.03086439666433,-0.6145294845139218,3.8222114799253992,0.0,-0.7111721408861517,0.9663880538809595,-0.150986298509834,-0.14140353709707473
6.947314344000006,15.818276547048821,14.013738633637459,1.45675252797242,16.315341178707953,5.993838556500451,0.8416952284128689,8.035289073537342,-0.6150572995595511,3.8222114799253992,0.0,-0.7111721408861517,0.9637744625525985,-0.14994545480953111,-0.14057697650817016
6.966000438000265,15.825972118609974,14.078283074721634,1.444699435679813,16.329456704520357,6.010583692637578,0.8393960810102874,8.083394710635428,-0.6053033546695257,3.8222114799253992,0.0,-0.696432947058049,0.9644511915626386,-0.1499569790745097,-0.14057242054765523
6.9673974269999235,15.825972118609974,14.078283074721634,1.444699435679813,16.33061830507743,6.0063250876086585,0.8388419011624465,8.08771744803397,-0.6058575345173666,3.8222114799253992,0.0,-0.696432947058049,0.9613525821712556,-0.1512355629241883,-0.14142776273776456
6.986055570000644,15.831797200430334,14.124037515974852,1.4363190692532894,16.34466209263003,6.022902626307882,0.8365408117211229,8.117352825781966,-0.5997782575321665,3.8222114799253992,0.0,-0.6944680211845381,0.9619980209890084,-0.15135774657790757,-0.14148575941347577
6.987441291000323,15.837976283849192,14.16941806438041,1.4279883980836614,16.345769825324695,6.018586819774635,0.8359989133713405,8.166633594009589,-0.5919894847123209,3.8222114799253992,0.0,-0.7025176285308826,0.9588612414801243,-0.15272435330612058,-0.14217341420284446
7.006228539999938,15.89180337375455,14.186651290811552,1.4240191252138519,16.359769054022948,6.035035187938859,0.8336941708403648,8.165037474900068,-0.5903249543734871,3.8222114799253992,0.0,-0.6419438072532123,0.9595321690252825,-0.15278525686053643,-0.1422223360591235
7.007180941000115,15.89180337375455,14.186651290811552,1.4240191252138519,16.36100908860746,6.030813336885927,0.8331290659620095,8.169323517497906,-0.5908900592518423,3.8222114799253992,0.0,-0.6419438072532123,0.9564539191576327,-0.153294878737616,-0.14286485527747186
7.026030985000034,15.90560964135076,14.276846779108755,1.4089904322748876,16.37500304924269,6.047174298157259,0.8308061392822882,8.24304793842076,-0.5781842929925994,3.8222114799253992,0.0,-0.6286387940142765,0.9571061475727815,-0.15334475895015726,-0.14296424649569897
7.027228044000367,15.90560964135076,14.276846779108755,1.4089904322748876,16.37617245960861,6.042882920632843,0.8302553895689314,8.247398995356917,-0.5787350427059562,3.8222114799253992,0.0,-0.6286387940142765,0.9538646544335501,-0.1539935797076643,-0.14399685011364477
7.0460608210005375,15.917403215104768,14.34708806014198,1.3966205304137649,16.38939428938191,6.0585489892696245,0.8280681892535108,8.301966965940954,-0.5685523411602541,3.133443545963411,0.0,-0.6577402921520205,0.9545229601674033,-0.15410282537614964,-0.1440929665024978
7.047277246000704,15.917403215104768,14.34708806014198,1.3966205304137649,16.39142158141218,6.054919847182962,0.8273569840315496,8.30570569449729,-0.5692635463822152,3.133443545963411,0.0,-0.6577402921520205,0.95141548444941,-0.15445466060075466,-0.14371398971540023
7.066357809000692,15.929627323952806,14.414558211948885,1.381689379341843,16.40470877056313,6.070589595835028,0.8251771870746012,8.357482554430272,-0.5565121922672418,3.133443545963411,0.0,-0.703581541518485,0.9520883583718137,-0.15452198377715884,-0.14371726919167316
7.067679125000723,15.929666926851137,14.41476513022443,1.3816411537642113,16.406724106957803,6.066939063772712,0.824473382125689,8.361446261791201,-0.5571677716385223,3.133443545963411,0.0,-0.7295362352177458,0.957991868677366,-0.1539779943986269,-0.14318472036950894
7.086123326000234,15.992378453507571,14.455850607291072,1.3637637991416989,16.420161587702616,6.0826954658823045,0.8222644546092412,8.38407570528808,-0.5414993445324576,3.133443545963411,0.0,-0.7487440941491404,0.9597245284309913,-0.15409002459739607,-0.14348662966378375
7.087215815000491,15.992378453507571,14.455850607291072,1.3637637991416989,16.421374790842265,6.078402661551692,0.8217110681764455,8.388424878427388,-0.5420527309652535,3.133443545963411,0.0,-0.7487440941491404,0.9671112998863239,-0.15562945551603832,-0.1464774084281372
7.106352372000401,16.006233852001873,14.520193614357847,1.3477780509752757,16.43606758865038,6.09504309009295,0.8192413726049728,8.436108012447582,-0.5285366783703029,3.133443545963411,0.0,-0.7568260479100539,0.968363408558015,-0.15587447347262445,-0.14674047550775796
7.10725666899998,16.006233852001873,14.520193614357847,1.3477780509752757,16.437588134794517,6.090971522701666,0.8186313698065074,8.440251867553965,-0.5291466811687683,3.133443545963411,0.0,-0.7568260479100539,0.9760067643871807,-0.1592255334083897,-0.14848931635211848
7.126232810000147,16.019632629385328,14.578189170282025,1.3334946882568368,16.451764432089842,6.107114759337136,0.81627611138227,8.482089339937062,-0.5172185768745668,3.133443545963411,0.0,-0.7462803274638955,0.9774207232478385,-0.15953913256247695,-0.14861533940403907
7.127686986999834,16.023952567926,14.59603757199066,1.329120567805198,16.453378054018096,6.103099103472004,0.8156513904150113,8.503787984078004,-0.5134691773901867,3.133443545963411,0.0,-0.7465293705627325,0.9849691136480979,-0.1612174962624922,-0.1492441484037709
7.146269292999932,16.034666954742764,14.638909584872282,1.3192165300672245,16.46769010225529,6.119295624627811,0.8132709250729333,8.530611412898498,-0.5059456049942912,3.133443545963411,0.0,-0.6623567368723043,0.9864288653542488,-0.16139218541828393,-0.14946164013997995
7.147230008999941,16.034666954742764,14.638909584872282,1.3192165300672245,16.468618601745337,6.114743805081305,0.8127760876987454,8.535204524397512,-0.5064404423684791,3.133443545963411,0.0,-0.6623567368723043,0.9939483453643038,-0.16187975867694954,-0.1514180154996253
7.166830209000182,16.05263220254857,14.707675997733336,1.3044257907638286,16.483840701472953,6.13157727065201,0.8102112551829705,8.586932522512948,-0.4942145355808581,3.133443545963411,0.0,-0.6577758505496415,0.9949973941276508,-0.16202137941439482,-0.15159213252858061
7.167671756000345,16.05263220254857,14.707675997733336,1.3044257907638286,16.48557965005444,6.127625941050833,0.8095640254119132,8.590966329085411,-0.4948617653519154,3.133443545963411,0.0,-0.6577758505496415,1.0026254974585367,-0.16395457484252957,-0.15359019346410774
7.186058035999849,16.126208208441906,14.779964874775757,1.2953159800628467,16.500015696462647,6.143742576222249,0.807130760149771,8.644308395015372,-0.4881852199130756,3.133443545963411,0.0,-0.6773425981373752,1.0040770124852416,-0.16428962005954675,-0.15382806800938037
7.187225091000073,16.126208208441906,14.779964874775757,1.2953159800628467,16.500969218971534,6.139181539392617,0.8066322929421423,8.648906431685349,-0.4886836871207043,3.133443545963411,0.0,-0.6773425981373752,0.9972321981721705,-0.16693423954187953,-0.15522375665476534
7.206404274000306,16.14724744365787,14.852691266861829,1.2788865138265548,16.516228567369158,6.155781322921319,0.8040242672528295,8.7047337490969,-0.47486224657372533,3.133443545963411,0.0,-0.7472423961007469,0.9972965707646713,-0.16703525174102657,-0.15524758595155203
7.207207117000507,16.14724744365787,14.852691266861829,1.2788865138265548,16.517164182236776,6.151194139129441,0.8035308017137536,8.709356500764901,-0.47535571211280125,3.133443545963411,0.0,-0.7472423961007469,0.9881118639432951,-0.16679443117617068,-0.15418548717567832
7.226009042000442,16.164208959403272,14.90823690740617,1.2652259522258267,16.532286521772527,6.167629293983581,0.8009505580438564,8.74835427630481,-0.4642753941819703,3.133443545963411,0.0,-0.7811660971319342,0.988223780891108,-0.16676462143606574,-0.15417159208379191
7.22718917200018,16.164208959403272,14.90823690740617,1.2652259522258267,16.53322494340278,6.163033299496443,0.8004574257396795,8.752985715756905,-0.4647685264861472,3.133443545963411,0.0,-0.7811660971319342,0.9795421651481907,-0.16450818814726684,-0.15336483760071254
7.246178576000602,16.180783888340265,14.959921413874891,1.2514410936033664,16.54833587331598,6.179404417468577,0.7978658639183572,8.788206482886013,-0.4535752296850092,3.133443545963411,0.0,-0.8135935058296223,0.9796437749553575,-0.16449264242746323,-0.15341924152952013
7.2475797670003885,16.186430825584015,14.976998467178932,1.2468084924734462,16.54926257180472,6.174787299357873,0.7973753948624775,8.809686051101899,-0.4494330976109686,3.133443545963411,0.0,-0.8070500685175591,0.9706018473289736,-0.16343596870498625,-0.1529853105753092
7.266151560000253,16.202719646890596,15.024960668725543,1.2338059895590123,16.56420947852024,6.1909471728402155,0.7948118393280961,8.841406525200371,-0.43899415023091626,3.133443545963411,0.0,-0.805067677405427,0.9706982879625164,-0.16351218979084017,-0.1530259563989281
7.267565939000633,16.202719646890596,15.024960668725543,1.2338059895590123,16.565250077455083,6.186398796884652,0.794300429004531,8.845993685021758,-0.4395055605544813,3.133443545963411,0.0,-0.805067677405427,0.9615829844304571,-0.16347273085985328,-0.1518787084351834
7.286324727000647,16.22665698971267,15.092165909173437,1.2156942453656885,16.579999763095532,6.202327167804144,0.791777711867917,8.89685809502727,-0.4239165334977714,3.133443545963411,0.0,-0.7897115453490406,0.9616183129459644,-0.16354657464773373,-0.15190065006080983
7.287607251000736,16.22665698971267,15.092165909173437,1.2156942453656885,16.581104732452427,6.197811949737294,0.7912546944567617,8.90141368312195,-0.4244395509089268,3.133443545963411,0.0,-0.7831518629925688,0.9526855209570736,-0.16254945992862516,-0.1508885542315926
7.3063151260003,16.288221399883664,15.166409171747972,1.218187585435157,16.595695949868606,6.21356585004498,0.788758758524719,8.95812168603722,-0.42942882691043793,4.1206767356620375,0.0,-0.7378102017561822,0.9526958543058117,-0.1625480546701023,-0.15091693973967
7.307311307000418,16.288221399883664,15.166409171747972,1.218187585435157,16.596850055602822,6.209073575137945,0.7882269489207608,8.962650982685206,-0.4299606365143961,4.1206767356620375,0.0,-0.7378102017561822,0.9438882160048727,-0.1608181562168369,-0.14994972151724983
7.326052821999838,16.320627802978628,15.253038451631069,1.2018313450754716,16.61045669959182,6.224068121489785,0.7859174756149185,9.033620869390282,-0.4159138694605531,4.1206767356620375,0.0,-0.7244635813129036,0.943872269439338,-0.16081047366920084,-0.14996706951498814
7.327232086000549,16.320627802978628,15.253038451631069,1.2018313450754716,16.612439350147174,6.22014803731954,0.7852258062463103,9.037602736125436,-0.4166055388291613,4.1206767356620375,0.0,-0.7244635813129036,0.9316318988191769,-0.15974629537612328,-0.14885030359472332
7.346223514000485,16.345162004349017,15.315726150800982,1.1899819920769443,16.62572013354561,6.234807872050838,0.7829612185701426,9.085251215524904,-0.40702077350680177,4.1206767356620375,0.0,-0.7191807918612959,0.9285432979145306,-0.15973751733555297,-0.1488152162533862
7.347418242999993,16.345162004349017,15.315726150800982,1.1899819920769443,16.627700618044077,6.23086621487617,0.7822711680633517,9.08925234128751,-0.4077108240135926,4.1206767356620375,0.0,-0.7191807918612959,0.9053642241150021,-0.15716766566073398,-0.1453127476560373
7.366085225000461,16.379791148649332,15.400998603246034,1.1737289463263039,16.640539896078334,6.245177843989633,0.7801231525468052,9.159532940325954,-0.39360579377949867,4.1206767356620375,0.0,-0.7310119627840541,0.9032566173395646,-0.15672708783603345,-0.14473864789313196
7.367420210000091,16.379791148649332,15.400998603246034,1.1737289463263039,16.642635302272065,6.2413069254882405,0.7794161863555275,9.163462155794557,-0.3943127599707764,4.1206767356620375,0.0,-0.7310119627840541,0.8809619977781108,-0.15092002772178373,-0.13942757169604883
7.386264002000644,16.495139590731565,15.561277334094951,1.1399032765209516,16.655070821799306,6.255339364699637,0.777351594860454,9.307312151685052,-0.36255168166049756,4.1206767356620375,0.0,-0.7396164171232583,0.8785611712793583,-0.15018108228636548,-0.1389752004525454
7.387293251999836,16.495687477432256,15.562468981528621,1.139667072246999,16.656655683746173,6.251102282754231,0.7767418010807996,9.312757946091404,-0.36292527116619944,4.1206767356620375,0.0,-0.743516786554734,0.856031583443499,-0.14499131328765136,-0.13631998950459118
7.406288566000512,16.523058827119726,15.621465408024,1.1275998941830216,16.669144384485868,6.265128206759081,0.7746516109967674,9.357477588209592,-0.35294828318625426,4.1206767356620375,0.0,-0.7673101374594581,0.854421721330144,-0.1446748387554643,-0.13613430059219764
7.407274631000291,16.523058827119726,15.621465408024,1.1275998941830216,16.670718609646826,6.260869493071931,0.7740449389231443,9.361760480507568,-0.35355495525987735,4.1206767356620375,0.0,-0.7673101374594581,0.8309139969878364,-0.14193561661915283,-0.1328544630126658
7.426287123000293,16.563635026627743,15.705632255995843,1.1099959735151543,16.682864739364824,6.274578704222835,0.7720312055909385,9.43180718742753,-0.3379647679242158,4.1206767356620375,0.0,-0.7915627449580802,0.8292824001417549,-0.14178586117263822,-0.13254746037680154
7.427517359999911,16.56412299860409,15.706615186658333,1.1097871330623383,16.68448852798284,6.270339481018288,0.7714173475016768,9.437043342780361,-0.33836978556066155,4.1206767356620375,0.0,-0.7841901043937454,0.8059628404136506,-0.1390617709310593,-0.12843141882807255
7.446581046000574,16.593821024819064,15.765837857691068,1.0971691640021681,16.696238343688663,6.283731364835207,0.769484872091914,9.482659587323786,-0.3276842919102542,4.1206767356620375,0.0,-0.7452882959236408,0.8042280381666412,-0.13878311284218112,-0.12813774687185972
7.447257972999978,16.593821024819064,15.765837857691068,1.0971691640021681,16.697864763632484,6.2794860506936745,0.768872218267419,9.486922351622205,-0.3282969457347491,4.1206767356620375,0.0,-0.7452882959236408,0.7859314839055855,-0.13421403224976752,-0.12511385865616353
7.466135557000598,16.634878709003896,15.844989440257095,1.080858168396363,16.709352531338926,6.292743326810067,0.7670215856553367,9.55253642558232,-0.3138365827410262,4.1206767356620375,0.0,-0.7613822932062598,0.7875244501871994,-0.13378165686909368,-0.12490646430344467
7.467542117999983,16.634878709003896,15.844989440257095,1.080858168396363,16.711017859702974,6.288522342213804,0.7664073785418908,9.556770404600767,-0.31445078985447217,4.1206767356620375,0.0,-0.7613822932062598,0.7845391901366179,-0.1298776499634794,-0.12210414147305364
7.485993439000595,16.70277594196811,15.8576768202415,1.0678069889553987,16.722427130052463,6.301735550654864,0.7645929231543344,9.55596147527721,-0.30321406580106436,4.1206767356620375,0.0,-0.7445386900012437,0.7849000465288689,-0.12970899383889234,-0.12200430073717561
7.487238219000574,16.70277594196811,15.8576768202415,1.0678069889553987,16.724113088085094,6.297518760877114,0.763977074824245,9.5601818703325,-0.3038299141311537,4.1206767356620375,0.0,-0.7445386900012437,0.7812197301101884,-0.1286436829999504,-0.12092286512184479
7.506341557000269,16.739539909570478,15.923766448145269,1.0544007513091047,16.735459887013768,6.31064355276666,0.762182904244384,9.6131237612046,-0.2922178470647207,4.1206767356620375,0.0,-0.6959841540844602,0.7816002988110162,-0.1287601746039156,-0.12096094589468566
7.50742373400044,16.739539909570478,15.923766448145269,1.0544007513091047,16.737217009129424,6.306461232324476,0.7615554811175377,9.617305496349811,-0.29284527019156703,4.1206767356620375,0.0,-0.6959841540844602,0.7778826073112534,-0.129102694237665,-0.12034593873083076
7.526027674000034,16.787362464758655,16.00678192356441,1.037916339389971,16.748623661436,6.3195780947180005,0.7597571655749533,9.687281286124577,-0.27815917381501776,4.1206767356620375,0.0,-0.7016232113152564,0.7782587735316169,-0.12924433979394845,-0.1203824266331871
7.52722125299988,16.787362464758655,16.00678192356441,1.037916339389971,16.75026642804018,6.315306471987646,0.7591525880138372,9.691546447520915,-0.2787637513761339,4.1206767356620375,0.0,-0.7016232113152564,0.7747481625421198,-0.1286134174600627,-0.1195672007049774
7.545985972999915,16.831766154984287,16.081079854020203,1.0231898347715274,16.761711865227937,6.328430975778282,0.7573552919862894,9.75290047861592,-0.265834542785238,4.207806808865507,0.0,-0.7093001013771473,0.775182968558858,-0.12860501601807917,-0.11958374014535172
7.547217541000464,16.831766154984287,16.081079854020203,1.0231898347715274,16.763282566238875,6.3241017939472535,0.7567653986743357,9.757218398020633,-0.2664244360971917,4.207806808865507,0.0,-0.7093001013771473,0.7718355579125693,-0.12708614934958445,-0.11883382831696405
7.566052940000191,16.87370755798705,16.14911364350251,1.0095495212006442,16.774662991453127,6.3371607418263265,0.7549768804422476,9.812452780567739,-0.2545726407583966,4.207806808865507,0.0,-0.6914774700198764,0.7722892966396393,-0.1270695660524013,-0.11889345699822097
7.567429122000249,16.87370755798705,16.14911364350251,1.0095495212006442,16.776216506346852,6.332809507327513,0.7543906750504942,9.816788242548387,-0.25515884615015005,4.207806808865507,0.0,-0.6914774700198764,0.7683855306059182,-0.12666210442083908,-0.11899267253716131
7.586077483000736,16.9195961461683,16.221436185275177,0.995527584076862,16.78762375244843,6.345827064202603,0.752584159257496,9.876490886186044,-0.24294342481936604,4.207806808865507,0.0,-0.6715871488045638,0.7685836386303251,-0.1267680184005146,-0.11908421347209443
7.587208779000321,16.9195961461683,16.221436185275177,0.995527584076862,16.789118852570734,6.341423623077734,0.7520088054092885,9.880874078406416,-0.24351877866757357,4.207806808865507,0.0,-0.6715871488045638,0.7633828718683285,-0.12753422084246044,-0.11919768230907742
7.606399710000005,16.957629162418154,16.279682448073622,0.9844064857616172,16.80057087850836,6.354400511562546,0.750186679463924,9.926524508798524,-0.23421980629769312,4.207806808865507,0.0,-0.6890975340778798,0.7636776916625717,-0.12769405769178835,-0.11929287871621277
7.6072903390004285,16.957629162418154,16.279682448073622,0.9844064857616172,16.802103957956025,6.350009297413779,0.7496045959895606,9.93089104603197,-0.23480188977205652,4.207806808865507,0.0,-0.6890975340778798,0.7585304059804331,-0.12803500213772223,-0.11905998090366367
7.62600387800012,16.986691712242745,16.23014184907639,0.981761489324303,16.812819234286383,6.362452703302493,0.7479115924316493,9.869220876858247,-0.23384989689265367,4.207806808865507,0.0,-0.7209970222677147,0.7588163160220293,-0.12813836455209676,-0.11914442563356359
7.6272210930001165,16.986691712242745,16.23014184907639,0.981761489324303,16.814281687647178,6.358004527174191,0.747342855324948,9.873642717815716,-0.23441863399935492,4.207806808865507,0.0,-0.7209970222677147,0.7540039716768173,-0.12757377592488353,-0.11903966916667302
7.646135374000551,17.03076989626743,16.295475324588285,0.9680930608886287,16.825648807857707,6.370844410278876,0.7455236586534997,9.926750397092515,-0.22256940223512903,4.207806808865507,0.0,-0.7504186350449208,0.7543246927666989,-0.12762353137674454,-0.11911520042482264
7.647278237000137,17.03076989626743,16.295475324588285,0.9680930608886287,16.827078717176693,6.366365212495128,0.7449619978362173,9.931199208278422,-0.22313106305241137,4.207806808865507,0.0,-0.7504186350449208,0.7494313254014164,-0.12649400139975167,-0.1182035873259442
7.666995532999863,17.08827753719562,16.378124174222588,0.9501550570426072,16.838466168652122,6.379196221089901,0.7431527545505259,10.0020480868566,-0.2070023024920813,4.207806808865507,0.0,-0.7499744271492178,0.749777947034741,-0.12651446548718726,-0.11821790385528397
7.667749378000735,17.08966376491519,16.38006328633067,0.9497278434074093,16.840491021268427,6.375093841399726,0.7424827158563428,10.00807177483147,-0.2072451275510665,4.207806808865507,0.0,-0.7471567574643568,0.7449612088816497,-0.12522963212850216,-0.11682393614020446
7.686141365999902,17.134765461008037,16.44238584439762,0.9359489093144248,16.85109521007589,6.387386350440152,0.7408180226036006,10.05900013096475,-0.19513088671082413,4.207806808865507,0.0,-0.7605879876299941,0.7450829941287677,-0.12524295329500879,-0.11686852889956507
7.687259068000458,17.134765461008037,16.44238584439762,0.9359489093144248,16.852525510183376,6.382887048507265,0.7402575512243612,10.063457428456735,-0.19569135809006355,4.207806808865507,0.0,-0.7605879876299941,0.7402485128799678,-0.12478568131427187,-0.11697450519298946
7.706346044999918,17.251549988148316,16.50926029050936,0.9075895308913137,16.86376618404225,6.395542321410811,0.7384600873385607,10.121149511651028,-0.16912944355275294,4.207806808865507,0.0,-0.722471061191602,0.7405699352938917,-0.12490002144364175,-0.11708987446094701
7.707508145000247,17.251549988148316,16.50926029050936,0.9075895308913137,16.865229949693635,6.391052742476607,0.7378935148304596,10.125579843010405,-0.16969601606085408,4.207806808865507,0.0,-0.722471061191602,0.7353517325518173,-0.1251188083243382,-0.11705195200752529
7.726321146999908,17.30201582807307,16.573306797818994,0.8936354839331527,16.876384227290416,6.4035957997592865,0.7361094513293724,10.178614053182356,-0.15752603260378029,4.207806808865507,0.0,-0.7204516984379169,0.7356617765006562,-0.12524201941562016,-0.11712311595940947
7.727448603000084,17.30201582807307,16.573306797818994,0.8936354839331527,16.87782339377701,6.399079491329327,0.7355482181993698,10.183066360651589,-0.15808726573378296,4.207806808865507,0.0,-0.7204516984379169,0.7305512255254885,-0.12517224155033413,-0.11642608769613054
7.74611749900032,17.364968211710305,16.65070960651027,0.876673479106224,16.88885207156213,6.411504143673877,0.7337891944471265,10.250269025205544,-0.14288428465909742,4.207806808865507,0.0,-0.6818248182507959,0.730880666166426,-0.12524129293554553,-0.11648329455845266
7.747272053000415,17.364968211710305,16.65070960651027,0.876673479106224,16.8903172286899,6.406994699641658,0.7332237682700676,10.254705683191714,-0.14344971083615632,4.207806808865507,0.0,-0.6818248182507959,0.7259376632852408,-0.12424763288115448,-0.1158310142747202
7.766141153000717,17.40911190922979,16.703356748623793,0.8655055489124258,16.901355981788747,6.419401652556147,0.7314599396127698,10.296482336205274,-0.13404560929965603,4.207806808865507,0.0,-0.6816438492920515,0.7262616398770844,-0.12428182399536118,-0.11589669706315847
7.767420795000362,17.40911190922979,16.703356748623793,0.8655055489124258,16.902796128837792,6.414866635608424,0.7308994765738775,10.300940950956324,-0.13460607233854827,4.207806808865507,0.0,-0.6816438492920515,0.7212718548428472,-0.12322157841029721,-0.11543536585134795
7.786542642000313,17.473700109893567,16.687971762622553,0.8516811627961707,16.913666083083815,6.42711442804236,0.7291526053063601,10.276129200812575,-0.12252855748981062,4.207806808865507,0.0,-0.7111331811604318,0.7215945695413736,-0.12330111833045143,-0.11552123246078783
7.787295911000001,17.473700109893567,16.687971762622553,0.8516811627961707,16.915122007933288,6.422575427830805,0.7285874848898735,10.280582250356515,-0.12309367790629722,4.207806808865507,0.0,-0.7111331811604318,0.7005070638613193,-0.12262451899838823,-0.11456273834536101
7.806335873000535,17.51983541149874,16.74022979529375,0.838661466042438,16.92557317716237,6.43448431557142,0.72690859736513,10.322864791131176,-0.11175286867730794,3.0301862016888865,0.0,-0.7312225644291827,0.6998996649654213,-0.12261781635451695,-0.1145143496236359
7.807424588000686,17.51983541149874,16.74022979529375,0.838661466042438,16.927111391026628,6.429988578057167,0.7263317710816758,10.327264677640867,-0.11232969496076217,3.0301862016888865,0.0,-0.7312225644291827,0.6772966462462193,-0.1181329460666692,-0.10871595372249826
7.826170843,17.568119145152256,16.793266729752094,0.8207455777756191,16.93722620509092,6.441755106578134,0.7247912077807788,10.370719299379616,-0.0959543699948403,3.0301862016888865,0.0,-0.786756842223194,0.679385464874032,-0.1177906445080278,-0.10847727077550774
7.827260533999834,17.568119145152256,16.793266729752094,0.8207455777756191,16.938803320205707,6.437284634045097,0.7242127149180244,10.375085714061935,-0.09653286285759466,3.0301862016888865,0.0,-0.786756842223194,0.6736389353922524,-0.11169600110469535,-0.10423442691387043
7.846021796000059,17.602211471902237,16.8294997094943,0.8078389140579946,16.94878556888793,6.449014161954605,0.7226824424975311,10.401030988003571,-0.08515647156046346,3.0301862016888865,0.0,-0.7896104007117067,0.6747810113175864,-0.11163628608789837,-0.1045074497733891
7.8473406160001105,17.613470276255406,16.841275514561957,0.8036666114289467,16.950372731945546,6.444539590859409,0.7220974045253767,10.41786044351127,-0.08156920690356995,3.0301862016888865,0.0,-0.7760146160358928,0.6668894666679127,-0.10982261486482175,-0.10600556374877622
7.8661307600004875,17.64649605666844,16.875243937375128,0.7915893401507718,16.960255723733226,6.456137478606386,0.7205501378506187,10.441681147866158,-0.07103920230015304,3.0301862016888865,0.0,-0.7391100186245642,0.6678019163191996,-0.11024985922215731,-0.10637728962809025
7.867382969000573,17.64649605666844,16.875243937375128,0.7915893401507718,16.96185531993034,6.451653259980861,0.7199638667176121,10.44605071537861,-0.07162547343315961,3.0301862016888865,0.0,-0.7391100186245642,0.6596341558418825,-0.11258565422433747,-0.1057113017050841
7.885994730000675,17.690412268277704,16.919301597803628,0.7766005558800574,16.971060110642227,6.4627345058077434,0.7185602083035701,10.48128154741137,-0.05804034757648723,3.0301862016888865,0.0,-0.7241832414692092,0.6606041137199163,-0.11306338624752618,-0.10574407456742045
7.887266659000488,17.6984673232983,16.92721615482054,0.7738905233867723,16.97267241669727,6.458246307376399,0.717974480732214,10.494098718477096,-0.055916042654558296,3.0301862016888865,0.0,-0.7282731981755907,0.6531849991575921,-0.11400748550213952,-0.10386198572131589
7.9063760250001,17.749720815982826,16.88658251268156,0.7725615879124648,16.98300524177377,6.469983609224639,0.7163647812333446,10.44477790511769,-0.05619680667912019,3.0301862016888865,0.0,-0.6959608777549081,0.6538608574079545,-0.11406972009759576,-0.10396731466308215
7.907322781000403,17.749720815982826,16.88658251268156,0.7725615879124648,16.984015516138697,6.465124762312275,0.7158892659560683,10.449549571581612,-0.05667232195639648,3.0301862016888865,0.0,-0.6959608777549081,0.6465205610276449,-0.11122777189331909,-0.1036406970312379
7.926062516999991,17.795249524086945,16.930566268957403,0.7578436928835567,16.99362941237452,6.476447633463124,0.714392567804618,10.48480764003282,-0.04345112507893867,3.0301862016888865,0.0,-0.6674557084128795,0.6478862205260424,-0.11137539485526009,-0.10389011446172165
7.927317556000162,17.795249524086945,16.930566268957403,0.7578436928835567,16.995217695464895,6.4719338589848565,0.7138100167996441,10.48918694722029,-0.04403367608391262,3.0301862016888865,0.0,-0.6674557084128795,0.6405934681214047,-0.10845451079991326,-0.10321122803416428
