Number of Left Cones,Number of Right Cones,Number of Outliers,Execution Time
47,51,0,0.371909
127,139,0,4.07794
127,139,10,4.38185
127,139,25,4.09787
127,139,50,4.09557
143,123,0,4.34812
