elapsed_s,real_x,real_y,real_yaw,sim_x,sim_y,sim_yaw,position_error,heading_error,real_velocity_x,real_velocity_y,real_yaw_rate,sim_velocity_x,sim_velocity_y,sim_yaw_rate,real_fl_rpm,real_fr_rpm,real_front_rpm,real_motor_rpm,sim_fl_rpm,sim_fr_rpm,sim_front_rpm,sim_motor_rpm,front_wheel_rpm_error,motor_rpm_error
0.00897699,-16.68,-4.8936e-10,6.63984e-05,-16.6768,1.023e-05,8.0559e-05,0.0032462,1.41606e-05,-0.000428885,0,0.00186957,0.22214,0.000791223,-0.00226243,0.000000,0.000000,0.000000,0.000000,11.5942,11.3563,11.4752,435.698,11.4752,435.698
0.0290069,-16.6617,0.000979806,-0.000185166,-16.6326,9.06947e-05,0.000353061,0.0290678,0.000538226,0.845143,0,-0.00995415,0.882827,-0.00280402,-0.00906984,0.000000,0.000000,0.000000,168.000000,43.9189,43.6868,43.8029,687.692,43.8029,519.692
0.049112,-16.5995,0.00802046,-0.000499376,-16.5333,-0.00131973,-0.00106767,0.0668079,-0.000568291,0.845143,0,0.00680277,1.56178,-0.0308108,-0.0272703,0.000000,0.000000,0.000000,168.000000,78.7407,77.0752,77.908,881.448,77.908,713.448
0.0692437,-16.5315,0.00801923,0.000518484,-16.3813,-0.00581992,-0.00514297,0.15081,-0.00566145,0.845143,0,0.0398068,2.23818,-0.0705998,-0.065838,0.000000,0.000000,0.000000,168.000000,113.818,109.653,111.735,1028.1,111.735,860.1
0.0892379,-16.5077,0.00629777,-0.00192238,-16.1763,-0.0143738,-0.0117022,0.332013,-0.0097798,1.84497,0,-0.0890919,2.91726,-0.110637,-0.110014,55.150002,48.939999,52.045000,321.000000,148.917,142.557,145.737,1092.37,93.692,771.375
0.109325,-16.3672,-0.00492829,-0.00723539,-15.9145,-0.0303197,-0.0227114,0.453445,-0.0154761,1.84497,0,-0.0851058,3.6045,-0.172522,-0.17115,55.150002,48.939999,52.045000,321.000000,185.658,175.351,180.504,645.547,128.459,324.547
0.129397,-16.2296,-0.00608889,-0.0166243,-15.6014,-0.056397,-0.0383785,0.63017,-0.0217542,1.84497,0,-0.167078,4.14129,-0.236233,-0.209481,127.769997,105.290001,116.529999,321.000000,213.976,201.358,207.667,825.748,91.137,504.748
0.149406,-16.0689,-0.0100856,-0.0318539,-15.2495,-0.0930882,-0.0572597,0.823633,-0.0254058,4.46387,0,-0.216855,4.68895,-0.27266,-0.247723,127.769997,105.290001,116.529999,753.000000,242.528,227.903,235.215,935.147,118.685,182.147
0.169425,-15.6183,-0.034268,-0.0515645,-14.8604,-0.141801,-0.0779861,0.765493,-0.0264216,4.46387,0,-0.283737,5.2398,-0.286042,-0.25847,171.679993,158.690002,165.184998,753.000000,270.45,254.868,262.659,1043.27,97.4737,290.27
0.18952,-15.3049,-0.0754248,-0.0750769,-14.418,-0.203894,-0.0990459,0.896153,-0.023969,4.46387,0,-0.213054,5.72998,-0.266949,-0.234144,171.679993,158.690002,165.184998,753.000000,296.379,281.833,289.106,863.905,123.921,110.905
0.209585,-14.9178,-0.107982,-0.0932492,-13.9812,-0.26818,-0.115414,0.950172,-0.0221648,4.46387,0,-0.252384,5.30916,-0.166177,-0.152696,218.800003,210.009995,214.404999,753.000000,271.386,261.993,266.69,936.835,52.2848,183.835
0.229619,-14.5933,-0.141247,-0.110987,-13.5768,-0.327319,-0.125114,1.03341,-0.0141273,4.46387,0,-0.22033,4.92716,-0.0824549,-0.0715722,218.800003,210.009995,214.404999,753.000000,249.415,244.866,247.141,870.528,32.7357,117.528
0.249804,-14.3407,-0.21118,-0.111237,-13.1984,-0.378467,-0.127633,1.15445,-0.0163958,4.46387,0,-0.0476913,4.54063,0.00943887,0.0213576,213.020004,198.570007,205.795006,753.000000,227.082,228.172,227.627,801.931,21.8316,48.9315
0.269758,-13.8578,-0.278468,-0.11829,-12.8526,-0.418056,-0.123659,1.01481,-0.00536873,4.46387,0,0.0439516,4.15501,0.0826026,0.0875461,213.020004,198.570007,205.795006,753.000000,205.955,210.955,208.455,733.153,2.66011,-19.847
0.289872,-13.6596,-0.317751,-0.11082,-12.5318,-0.446256,-0.114009,1.13509,-0.00318871,3.28985,0,0.191698,3.76043,0.159483,0.13773,175.779999,182.429993,179.104996,566.000000,184.872,193.285,189.079,662.51,9.97354,96.5103
0.309908,-13.3789,-0.346932,-0.0963548,-12.2482,-0.464039,-0.101927,1.13674,-0.0055723,3.28985,0,0.175136,3.37455,0.175872,0.151214,175.779999,182.429993,179.104996,566.000000,164.939,175.013,169.976,593.575,-9.12899,27.5747
0.329992,-13.069,-0.367431,-0.0848171,-11.9782,-0.474703,-0.0878307,1.09604,-0.00301353,3.28985,0,0.231332,3.39184,0.211148,0.182189,154.259995,167.970001,161.114998,566.000000,164.834,176.56,170.697,630.166,9.58184,64.1664
0.350117,-12.7667,-0.382,-0.0632644,-11.7019,-0.479446,-0.0716014,1.06928,-0.00833706,3.28985,0,0.242382,3.43183,0.212842,0.21203,154.259995,167.970001,161.114998,566.000000,166.898,178.969,172.933,634.639,11.8185,68.6394
0.370188,-12.4935,-0.389619,-0.0421753,-11.4246,-0.478919,-0.0546459,1.07256,-0.0124706,3.28985,0,0.261528,3.4706,0.226618,0.213576,153.880005,154.679993,154.279999,566.000000,168.471,181.449,174.96,641.928,20.6797,75.9281
0.390199,-12.2581,-0.397652,-0.0262157,-11.1454,-0.473733,-0.0377395,1.11534,-0.0115238,3.28985,0,0.245709,3.51018,0.225197,0.202736,153.880005,154.679993,154.279999,566.000000,170.568,183.184,176.876,649.247,22.5959,83.2475
0.410221,-11.9833,-0.384631,-0.009839,-10.8611,-0.464409,-0.0210956,1.12506,-0.0112566,3.90721,0,0.216511,3.55101,0.223174,0.192112,153.880005,154.679993,154.279999,673.000000,172.634,185.027,178.83,656.788,24.5504,-16.2118
0.430393,-11.5624,-0.373679,0.0177673,-10.5771,-0.451384,-0.00552552,0.988364,-0.0232928,3.90721,0,0.282662,3.42397,0.198494,0.172517,153.880005,154.679993,154.279999,673.000000,166.944,177.694,172.319,621.742,18.0387,-51.2582
0.450389,-11.317,-0.354205,0.033484,-10.3092,-0.43719,0.00749792,1.01129,-0.0259861,3.90721,0,0.203534,3.24943,0.158748,0.15146,153.880005,154.679993,154.279999,673.000000,159.064,167.757,163.411,587.64,9.13059,-85.3604
0.470438,-11.0874,-0.329463,0.0474306,-10.057,-0.422674,0.0179395,1.03459,-0.0294911,3.90721,0,0.163829,3.07789,0.117671,0.136395,153.880005,154.679993,154.279999,500.000000,151.51,157.536,154.523,557.134,0.242907,57.1336
0.490492,-10.7907,-0.298938,0.063944,-9.81749,-0.408604,0.0259674,0.979373,-0.0379766,2.89334,0,0.161264,2.90699,0.099872,0.0881644,144.240005,149.500000,146.870003,500.000000,143.157,148.554,145.855,526.041,-1.0148,26.0412
0.510612,-10.551,-0.282165,0.0756507,-9.59041,-0.396025,0.0317633,0.967335,-0.0438874,2.89334,0,0.141956,2.8805,0.0678025,0.0541678,144.240005,149.500000,146.870003,500.000000,143.107,146.877,144.992,521.06,-1.87801,21.06
0.530728,-10.3648,-0.267125,0.0836736,-9.34928,-0.383597,0.0357361,1.02221,-0.0479375,2.89334,0,0.0805733,3.06702,0.0438544,0.0388809,136.970001,143.460007,140.215004,500.000000,152.277,154.285,153.281,576.185,13.0657,76.1853
0.55077,-10.115,-0.241984,0.0889837,-9.09466,-0.371523,0.0381241,1.0285,-0.0508596,2.89334,0,0.0654078,3.25765,0.0287042,0.0149547,136.970001,143.460007,140.215004,500.000000,162.455,163.158,162.806,611.202,22.5911,111.202
0.570795,-9.88186,-0.22488,0.0929283,-8.8279,-0.36018,0.0390036,1.06261,-0.0539247,2.89334,0,0.0544531,3.44567,0.0115648,-0.00912997,156.429993,157.210007,156.820000,500.000000,171.759,172.616,172.188,646.572,15.3677,146.572
0.590918,-9.57188,-0.195139,0.0959752,-8.54166,-0.349356,0.0386807,1.0417,-0.0572945,3.71844,0,0.0210815,3.63635,-0.0122541,-0.0200549,156.429993,157.210007,156.820000,643.000000,182.099,181.34,181.72,682.167,24.8998,39.1674
0.610915,-9.30975,-0.169824,0.0969106,-8.24777,-0.339683,0.0372555,1.07548,-0.0596551,3.71844,0,0.0165221,3.657,-0.0230523,-0.00465572,176.179993,182.800003,179.489998,643.000000,184.438,182.484,183.461,662.577,3.97105,19.5766
0.631119,-8.98484,-0.137412,0.0973306,-7.96039,-0.33199,0.034538,1.04276,-0.0627926,3.71844,0,0.023406,3.55152,-0.0380915,-0.0417913,176.179993,182.800003,179.489998,643.000000,179.056,176.521,177.789,647.174,-1.70124,4.174
0.651095,-8.6429,-0.106089,0.0961648,-7.67805,-0.326294,0.0310749,0.989666,-0.0650898,3.49527,0,-0.0145437,3.44829,-0.0553009,-0.0484615,181.130005,177.199997,179.165001,603.000000,174.138,171.198,172.668,628.454,-6.49712,25.4543
0.671079,-8.34591,-0.0848427,0.0934497,-7.40467,-0.322601,0.0270732,0.970809,-0.0663765,3.49527,0,-0.049862,3.39789,-0.0556059,-0.0657045,181.130005,177.199997,179.165001,603.000000,171.649,168.444,170.047,622.981,-9.11843,19.9812
0.691204,-8.02961,-0.0615733,0.0890919,-7.1348,-0.32066,0.022692,0.931566,-0.0663998,3.49527,0,-0.0279705,3.37282,-0.0600324,-0.0608731,173.110001,173.270004,173.190002,603.000000,170.445,167.241,168.843,619.438,-4.34699,16.4378
0.711285,-7.7687,-0.0386556,0.0858953,-6.86406,-0.31998,0.0182835,0.947371,-0.0676117,3.36904,0,-0.034747,3.3478,-0.0647119,-0.0581955,173.110001,173.270004,173.190002,581.000000,169.208,165.943,167.576,614.872,-5.61404,33.8719
0.731288,-7.51828,-0.0216878,0.0830903,-6.59288,-0.320422,0.0137493,0.97242,-0.069341,3.36904,0,-0.039333,3.36596,-0.0619889,-0.043446,172.529999,219.880005,196.205002,581.000000,170.355,166.523,168.439,621.008,-27.7662,40.0083
0.75141,-7.19555,-0.00604388,0.0804801,-6.32149,-0.322118,0.00936243,0.929458,-0.0711177,3.36904,0,-0.0443133,3.38592,-0.0593427,-0.058511,172.529999,219.880005,196.205002,581.000000,170.903,167.979,169.441,624.568,-26.7638,43.5683
0.771408,-6.87891,0.0144189,0.0750931,-6.05198,-0.324263,0.00553974,0.893596,-0.0695533,3.36904,0,-0.057392,3.40594,-0.0549713,-0.0520386,85.199997,80.900002,83.049999,581.000000,171.334,169.495,170.415,628.244,87.3645,47.2442
0.791498,-6.55303,0.03847,0.0728748,-5.77739,-0.326729,0.00232778,0.85731,-0.070547,3.85457,0,-0.0384297,3.40022,-0.0516564,-0.0368212,85.199997,80.900002,83.049999,665.000000,171.701,169.868,170.784,599.56,87.7345,-65.4404
0.811536,-6.24712,0.0604465,0.0703263,-5.50998,-0.33066,-0.00146928,0.834469,-0.0717955,3.85457,0,-0.0505922,3.2448,-0.05524,-0.0354989,175.169998,165.940002,170.555000,665.000000,163.993,160.976,162.484,588.544,-8.07084,-76.456
0.83167,-5.91945,0.0706547,0.066759,-5.25697,-0.335878,-0.00558055,0.777276,-0.0723396,3.85457,0,-0.0596944,3.0929,-0.0527164,-0.0473161,175.169998,165.940002,170.555000,665.000000,156.335,153.491,154.913,560.777,-15.6421,-104.223
0.85171,-5.67252,0.0799418,0.0621162,-5.01187,-0.341774,-0.00935334,0.783772,-0.0714696,3.37525,0,-0.0374045,2.93859,-0.0374359,-0.0480577,160.669998,162.889999,161.779999,585.000000,148.68,145.692,147.186,532.833,-14.5942,-52.1669
0.871822,-5.43023,0.0848841,0.0582086,-4.77813,-0.347906,-0.0129956,0.782651,-0.0712042,3.37525,0,-0.0355073,2.95451,-0.0447215,-0.0360201,160.669998,162.889999,161.779999,585.000000,148.882,146.578,147.73,545.347,-14.0496,-39.6534
0.891858,-5.16042,0.100233,0.0555474,-4.53822,-0.354949,-0.0163542,0.770928,-0.0719016,3.37525,0,-0.0313397,2.97286,-0.0454069,-0.0323493,154.360001,133.550003,143.955002,585.000000,149.862,147.633,148.747,548.259,4.79237,-36.7413
0.911905,-4.95354,0.108224,0.0523631,-4.29844,-0.362558,-0.0195513,0.806716,-0.0719144,3.37525,0,-0.025956,2.99124,-0.0357566,-0.030605,154.360001,133.550003,143.955002,585.000000,150.847,148.483,149.665,551.613,5.71002,-33.3869
0.931969,-4.68626,0.117832,0.0519787,-4.0586,-0.370979,-0.0227532,0.795549,-0.0747319,3.37525,0,-0.0517335,3.0093,-0.0394402,-0.0353529,154.970001,155.690002,155.330002,585.000000,152.071,149.097,150.584,554.93,-4.74565,-30.0701
0.951997,-4.37931,0.124035,0.0445599,-3.81747,-0.380489,-0.0261821,0.755122,-0.070742,3.37525,0,-0.0825465,3.02717,-0.049653,-0.0459857,154.970001,155.690002,155.330002,585.000000,153.034,149.955,151.494,558.2,-3.83571,-26.8
0.972092,-4.10591,0.126548,0.0434467,-3.575,-0.390943,-0.0299152,0.74139,-0.0733619,3.40254,0,-0.0744135,3.04209,-0.0487486,-0.0494069,165.940002,162.039993,163.989998,588.000000,153.731,150.733,152.232,561.307,-11.758,-26.6934
0.992196,-3.84222,0.137435,0.0393068,-3.33045,-0.402859,-0.0338231,0.744197,-0.0731299,3.40254,0,-0.0502187,3.05037,-0.0595857,-0.055685,165.940002,162.039993,163.989998,588.000000,154.669,150.718,152.694,561.991,-11.2961,-26.0095
1.01226,-3.56531,0.137149,0.0366754,-3.08634,-0.416188,-0.0381787,0.731842,-0.0748541,3.40254,0,-0.0406921,3.05837,-0.0670893,-0.0628677,165.339996,161.899994,163.619995,588.000000,154.755,151.438,153.096,563.566,-10.5236,-24.4335
1.03229,-3.28633,0.146882,0.0332005,-2.83818,-0.431391,-0.0430621,0.731599,-0.0762627,3.46952,0,-0.0496637,3.05714,-0.0674211,-0.0642633,165.339996,161.899994,163.619995,599.000000,155.366,150.707,153.037,562.223,-10.5833,-36.7766
1.05239,-3.00635,0.146987,0.0271339,-2.59478,-0.448485,-0.0486788,0.723862,-0.0758127,3.46952,0,-0.072983,3.04049,-0.0864198,-0.0857189,168.919998,144.160004,156.540001,599.000000,154.389,150.239,152.314,558.952,-4.22571,-40.0484
1.0724,-2.70321,0.147517,0.0225251,-2.35194,-0.467864,-0.0551305,0.708576,-0.0776556,3.46952,0,-0.0494521,3.02408,-0.0893577,-0.0889425,168.919998,144.160004,156.540001,599.000000,153.687,149.349,151.518,555.883,-5.02182,-43.1169
1.09252,-2.42881,0.145739,0.0146946,-2.1124,-0.489772,-0.0623815,0.709924,-0.0770761,3.46952,0,-0.0992714,3.0067,-0.100158,-0.117648,168.259995,164.929993,166.594994,599.000000,153.617,147.916,150.767,552.667,-15.8283,-46.3328
1.11257,-2.18134,0.14845,0.00690226,-1.87075,-0.514712,-0.0707227,0.732292,-0.0776249,3.46952,0,-0.106825,2.98933,-0.120079,-0.0938099,168.259995,164.929993,166.594994,599.000000,153.005,146.867,149.936,549.435,-16.6588,-49.5652
1.13267,-1.87183,0.140001,-0.00442137,-1.63541,-0.541556,-0.0794552,0.721397,-0.0750339,3.46952,0,-0.136629,3.0114,-0.118503,-0.111807,169.149994,133.130005,151.139999,599.000000,153.809,147.215,150.512,567.272,-0.628012,-31.7276
1.15274,-1.61499,0.127749,-0.0121325,-1.38933,-0.573346,-0.0897487,0.736516,-0.0776163,4.2555,0,-0.128892,3.16847,-0.155856,-0.128876,169.149994,133.130005,151.139999,735.000000,162.915,155.169,159.042,592.738,7.90197,-142.262
1.17274,-1.23287,0.114338,-0.0277465,-1.13429,-0.611357,-0.102236,0.73236,-0.0744891,4.2555,0,-0.20579,3.1343,-0.171422,-0.173161,174.850006,133.130005,153.990005,735.000000,162.643,153.361,158.002,573.386,4.01224,-161.614
1.19281,-0.931958,0.0868447,-0.044835,-0.890986,-0.652944,-0.116184,0.740923,-0.0713494,4.2555,0,-0.210858,3.01033,-0.19276,-0.182027,174.850006,133.130005,153.990005,735.000000,157.2,146.41,151.805,547.339,-2.18516,-187.661
1.21289,-0.57411,0.067367,-0.0649668,-0.65937,-0.697545,-0.13091,0.769649,-0.0659431,3.54995,0,-0.241241,2.88429,-0.210831,-0.181012,174.070007,133.130005,153.600006,614.000000,151.47,139.941,145.705,524.352,-7.89481,-89.6479
1.23297,-0.41414,0.0376503,-0.0809982,-0.432963,-0.745735,-0.1464,0.783612,-0.0654015,3.54995,0,-0.265285,2.86641,-0.212398,-0.187726,174.070007,133.130005,153.600006,614.000000,150.948,139.369,145.159,535.646,-8.44148,-78.3536
1.25309,-0.137437,-0.0115639,-0.10319,-0.203333,-0.798797,-0.162414,0.789987,-0.0592237,3.54995,0,-0.243636,2.99008,-0.214583,-0.213096,172.009995,133.130005,152.570000,614.000000,156.982,144.835,150.908,558.442,-1.66161,-55.558
1.27312,0.12831,-0.0581624,-0.123576,0.0317203,-0.857308,-0.179035,0.804961,-0.0554588,3.54995,0,-0.274091,3.11076,-0.229689,-0.212423,172.009995,133.130005,152.570000,614.000000,163.549,150.591,157.07,580.704,4.49973,-33.2961
1.29313,0.338735,-0.111601,-0.139783,0.281,-0.924361,-0.197197,0.814808,-0.0574133,3.37852,0,-0.278802,3.26891,-0.247577,-0.225147,187.520004,133.130005,160.325005,585.000000,171.738,158.187,164.963,616.104,4.63753,31.1042
1.31329,0.607073,-0.15243,-0.162016,0.539858,-0.999317,-0.21619,0.84955,-0.0541732,3.37852,0,-0.253593,3.44975,-0.256112,-0.248268,187.520004,133.130005,160.325005,585.000000,181.551,166.858,174.205,648.676,13.8795,63.676
1.33332,0.920487,-0.230362,-0.185715,0.814624,-1.08482,-0.236523,0.860996,-0.0508077,3.37852,0,-0.302529,3.63237,-0.278982,-0.250253,262.609985,133.130005,197.869995,585.000000,191.264,175.716,183.49,682.92,-14.3797,97.9202
1.35336,1.3176,-0.328757,-0.211918,1.09767,-1.18015,-0.258217,0.879337,-0.0462992,4.20146,0,-0.271317,3.81076,-0.299314,-0.272898,262.609985,133.130005,197.869995,724.000000,200.839,184.314,192.576,716.513,-5.29379,-7.48697
1.37349,1.68483,-0.433381,-0.236068,1.3921,-1.28729,-0.281466,0.902688,-0.0453975,4.20146,0,-0.425636,3.98794,-0.325874,-0.304957,171.330002,187.240005,179.285004,724.000000,210.704,192.745,201.725,750.256,22.4396,26.2556
1.39351,2.0264,-0.547269,-0.273135,1.69083,-1.40781,-0.308349,0.923658,-0.035214,4.20146,0,-0.455961,3.94488,-0.37201,-0.358638,171.330002,187.240005,179.285004,724.000000,211.257,190.432,200.845,719.837,21.5598,-4.16303
1.41358,2.3788,-0.686613,-0.310788,1.97522,-1.53577,-0.337625,0.940183,-0.026837,4.27568,0,-0.486362,3.81391,-0.394894,-0.380756,222.419998,199.779999,211.099998,746.000000,205.772,183.941,194.857,687.315,-16.2435,-58.6849
1.43365,2.71874,-0.803669,-0.352759,2.24456,-1.66976,-0.368208,0.987395,-0.0154491,4.27568,0,-0.520047,3.65485,-0.410885,-0.382338,222.419998,199.779999,211.099998,746.000000,198.468,175.986,187.227,661.691,-23.8733,-84.3093
1.45376,2.99004,-0.942174,-0.388494,2.4985,-1.80784,-0.399266,0.995487,-0.0107721,4.27568,0,-0.49064,3.49458,-0.417012,-0.37681,177.300003,181.339996,179.320000,746.000000,190.747,168.073,179.41,632.458,0.0901191,-113.542
1.47378,3.29249,-1.10534,-0.435329,2.73867,-1.94951,-0.430073,1.00963,0.0052559,3.67648,0,-0.524915,3.34349,-0.388586,-0.370923,177.300003,181.339996,179.320000,650.000000,182.208,160.508,171.358,659.057,-7.96198,9.05724
1.49381,3.54333,-1.22829,-0.476218,2.96826,-2.0942,-0.45983,1.03947,0.0163883,3.67648,0,-0.520813,3.41132,-0.402444,-0.373688,200.380005,167.360001,183.870003,650.000000,185.762,163.871,174.817,635.033,-9.05345,-14.9672
1.51392,3.76983,-1.43487,-0.512863,3.19818,-2.24864,-0.490005,0.994489,0.0228575,3.67648,0,-0.446951,3.47142,-0.405139,-0.372014,200.380005,167.360001,183.870003,650.000000,189.16,166.694,177.927,645.354,-5.94299,-4.64647
1.53394,4.06036,-1.60665,-0.555826,3.42766,-2.41153,-0.5196,1.02379,0.0362256,4.11235,0,-0.551267,3.4946,-0.396505,-0.362073,204.779999,177.910004,191.345001,709.000000,189.939,168.503,179.221,638.947,-12.124,-70.0525
1.55403,4.36833,-1.84316,-0.598131,3.65342,-2.58095,-0.548562,1.02735,0.0495692,4.11235,0,-0.498838,3.40276,-0.377784,-0.341567,204.779999,177.910004,191.345001,709.000000,184.229,163.798,174.014,621.371,-17.3313,-87.6293
1.57411,4.60493,-2.05434,-0.635855,3.86413,-2.74807,-0.575882,1.01491,0.0599726,4.11235,0,-0.465157,3.31127,-0.363269,-0.336651,206.240005,177.630005,191.935005,709.000000,179.192,159.457,169.324,604.416,-22.6107,-104.584
1.59414,4.8503,-2.28482,-0.677468,4.06604,-2.91665,-0.602145,1.00711,0.0753237,3.67764,0,-0.437448,3.24042,-0.346253,-0.310189,206.240005,177.630005,191.935005,643.000000,174.111,155.692,164.901,627.52,-27.0337,-15.4802
1.61421,5.03138,-2.47275,-0.70861,4.26649,-3.09096,-0.62726,0.983488,0.0813503,3.67764,0,-0.420181,3.31454,-0.327836,-0.302384,195.429993,173.800003,184.614998,643.000000,177.845,159.588,168.717,615.614,-15.8982,-27.3862
1.63429,5.24234,-2.65939,-0.739864,4.46745,-3.27299,-0.651695,0.988418,0.0881696,3.67764,0,-0.402867,3.38388,-0.326694,-0.298083,195.429993,173.800003,184.614998,643.000000,180.749,163.307,172.028,628.837,-12.5873,-14.1629
1.65438,5.49528,-2.94332,-0.781695,4.66722,-3.46206,-0.676012,0.977127,0.105683,3.99634,0,-0.380965,3.42574,-0.326962,-0.31187,208.789993,180.979996,194.884995,691.000000,183.451,165.565,174.508,628.782,-20.3771,-62.2177
1.67446,5.72081,-3.21213,-0.813159,4.86302,-3.65644,-0.700136,0.96603,0.113023,3.99634,0,-0.443162,3.38421,-0.30874,-0.317893,208.789993,180.979996,194.884995,691.000000,180.934,163.213,172.074,621.135,-22.8114,-69.8645
1.69452,5.93622,-3.49764,-0.848179,5.05038,-3.8512,-0.723672,0.953798,0.124507,3.99634,0,-0.406003,3.34217,-0.307045,-0.296278,209.559998,179.520004,194.540001,691.000000,178.599,161.241,169.92,613.2,-24.62,-77.8004
1.71457,6.14249,-3.73939,-0.88077,5.23182,-4.04935,-0.747388,0.961966,0.133383,3.84612,0,-0.414883,3.29776,-0.318061,-0.287997,209.559998,179.520004,194.540001,669.000000,176.315,159.175,167.745,605.102,-26.7946,-63.8985
1.73467,6.31879,-4.03873,-0.91507,5.40433,-4.24845,-0.771448,0.938207,0.143622,3.84612,0,-0.412603,3.29055,-0.321078,-0.307976,208.300003,187.410004,197.855003,669.000000,176.566,158.568,167.567,606.455,-30.2882,-62.5446
1.75471,6.48867,-4.26672,-0.945729,5.57399,-4.45548,-0.796617,0.933956,0.149112,3.84612,0,-0.401035,3.29528,-0.342372,-0.316391,208.300003,187.410004,197.855003,669.000000,177.513,158.613,168.063,608.313,-29.7917,-60.6872
1.77475,6.66825,-4.58604,-0.98673,5.73595,-4.66522,-0.82227,0.935655,0.16446,4.31734,0,-0.517207,3.29957,-0.356274,-0.322917,261.779999,204.919998,233.349998,746.000000,178.197,158.788,168.493,609.087,-64.8574,-136.913
1.79482,6.85026,-4.93381,-1.02694,5.89206,-4.88011,-0.848845,0.959706,0.178094,4.31734,0,-0.457844,3.30238,-0.365875,-0.337476,261.779999,204.919998,233.349998,746.000000,178.774,158.943,168.859,609.554,-64.4914,-136.446
1.81493,6.96591,-5.19392,-1.0591,6.03889,-5.09627,-0.876173,0.932152,0.182924,4.31734,0,-0.517418,3.1598,-0.367691,-0.334529,210.649994,185.050003,197.849998,746.000000,171.851,151.978,161.914,573.119,-35.9356,-172.881
1.83498,7.08114,-5.48921,-1.09825,6.17226,-5.30596,-0.902848,0.927176,0.195404,4.31734,0,-0.459954,2.98937,-0.355794,-0.319143,210.649994,185.050003,197.849998,746.000000,163.023,143.861,153.442,540.433,-44.4081,-205.567
1.85508,7.21235,-5.75713,-1.13316,6.29418,-5.50952,-0.928463,0.950977,0.204692,3.85951,0,-0.468552,2.81893,-0.325393,-0.312336,189.740005,161.059998,175.400002,683.000000,153.4,135.759,144.579,509.971,-30.8206,-173.029
1.87511,7.30155,-6.05211,-1.17415,6.40629,-5.70735,-0.952767,0.95935,0.221382,3.85951,0,-0.479005,2.81811,-0.320872,-0.301194,189.740005,161.059998,175.400002,683.000000,153.071,135.417,144.244,521.142,-31.156,-161.858
1.89518,7.36831,-6.32425,-1.20816,6.5136,-5.90677,-0.976418,0.951219,0.231743,3.85951,0,-0.43612,2.81832,-0.314246,-0.298867,187.410004,164.039993,175.724998,683.000000,152.672,135.671,144.171,519.977,-31.5537,-163.023
1.91532,7.43587,-6.6103,-1.24808,6.61779,-6.10933,-0.99939,0.959285,0.248685,3.45507,0,-0.444457,2.88413,-0.308885,-0.292513,187.410004,164.039993,175.724998,603.000000,155.945,139.006,147.475,538.506,-28.2496,-64.4941
1.93536,7.51428,-6.85782,-1.27904,6.72398,-6.325,-1.0224,0.953146,0.256648,3.45507,0,-0.38454,3.03374,-0.295373,-0.283234,188.710007,165.690002,177.200005,603.000000,162.802,145.995,154.398,569.088,-22.8016,-33.9118
1.95537,7.57968,-7.19257,-1.31836,6.82947,-6.55035,-1.04541,0.987548,0.272957,3.45507,0,-0.421847,3.17951,-0.303692,-0.291612,188.710007,165.690002,177.200005,603.000000,170.317,153.115,161.716,596.231,-15.4842,-6.76917
1.97547,7.62022,-7.52309,-1.34787,6.93508,-6.78887,-1.06911,1.00424,0.278762,4.0532,0,-0.35819,3.27279,-0.320487,-0.290255,205.190002,181.770004,193.480003,698.000000,175.613,158.343,166.978,604.089,-26.502,-93.911
1.9955,7.66372,-7.83101,-1.37805,7.0352,-7.0303,-1.09272,1.01793,0.285328,4.0532,0,-0.485014,3.21218,-0.316202,-0.283599,205.190002,181.770004,193.480003,698.000000,172.321,154.725,163.523,588.374,-29.9567,-109.626
2.01547,7.69525,-8.1785,-1.41323,7.1269,-7.26918,-1.11661,1.07233,0.296618,4.0532,0,-0.415661,3.14526,-0.325265,-0.289178,230.839996,204.820007,217.830002,698.000000,169.1,151.647,160.374,575.757,-57.4564,-122.243
2.03549,7.7099,-8.52982,-1.45058,7.20978,-7.5042,-1.1407,1.14106,0.309872,4.02295,0,-0.480718,3.07684,-0.327116,-0.312821,230.839996,204.820007,217.830002,698.000000,166.185,148.126,157.156,565.853,-60.6743,-132.147
2.05553,7.73951,-8.81467,-1.48387,7.28641,-7.74206,-1.16541,1.16438,0.318456,4.02295,0,-0.479759,3.02139,-0.318838,-0.303796,207.710007,175.460007,191.585007,698.000000,163.304,145.388,154.346,553.653,-37.2391,-144.347
2.07548,7.72847,-9.12786,-1.51989,7.35327,-7.96908,-1.18905,1.21801,0.330838,4.02295,0,-0.479069,2.96506,-0.320404,-0.301601,207.710007,175.460007,191.585007,698.000000,160.514,142.648,151.581,543.395,-40.004,-154.605
2.09545,7.70485,-9.51005,-1.56531,7.41461,-8.19894,-1.21321,1.34285,0.352102,3.86605,0,-0.463207,2.90794,-0.329748,-0.29517,194.339996,166.979996,180.659996,673.000000,157.474,139.974,148.724,544.985,-31.9359,-128.015
2.11553,7.6781,-9.8487,-1.60587,7.46966,-8.42855,-1.23747,1.43537,0.368398,3.86605,0,-0.468625,2.90901,-0.312699,-0.30076,194.339996,166.979996,180.659996,673.000000,157.486,139.94,148.713,536.287,-31.947,-136.713
2.13551,7.62432,-10.1568,-1.64244,7.5179,-8.65398,-1.26129,1.50655,0.381147,3.86605,0,-0.451061,2.90424,-0.332413,-0.30007,229.149994,164.630005,196.889999,673.000000,157.716,139.635,148.675,535.635,-48.2147,-137.365
2.15555,7.59684,-10.4597,-1.68043,7.56134,-8.88411,-1.28555,1.57598,0.394885,4.04793,0,-0.49382,2.9022,-0.314913,-0.316269,229.149994,164.630005,196.889999,698.000000,157.316,139.596,148.456,535.25,-48.4338,-162.75
2.17545,7.52945,-10.7873,-1.71965,7.59889,-9.11229,-1.30933,1.67644,0.410326,4.04793,0,-0.437992,2.85824,-0.32363,-0.298169,197.850006,175.690002,186.770004,698.000000,155.186,137.693,146.44,522.508,-40.3303,-175.492
2.19544,7.43493,-11.0959,-1.7579,7.63034,-9.33837,-1.33312,1.76835,0.424776,4.04793,0,-0.485786,2.79253,-0.311418,-0.297909,197.850006,175.690002,186.770004,698.000000,151.814,134.197,143.005,511.207,-43.7647,-186.793
2.21541,7.34656,-11.3575,-1.79192,7.65581,-9.55903,-1.35614,1.82485,0.435784,3.85199,0,-0.472075,2.72615,-0.311211,-0.283983,193.139999,170.979996,182.059998,669.000000,148.144,131.074,139.609,499.147,-42.4508,-169.853
2.23549,7.27325,-11.6571,-1.82928,7.67624,-9.77687,-1.37862,1.92295,0.450657,3.85199,0,-0.452442,2.71501,-0.290355,-0.281114,193.139999,170.979996,182.059998,669.000000,147.128,130.584,138.856,499.519,-43.2037,-169.481
2.25546,7.18622,-11.8328,-1.85237,7.69232,-9.99664,-1.40084,1.9046,0.451524,3.85199,0,-0.401949,2.71844,-0.294439,-0.281177,192.630005,163.759995,178.195000,669.000000,146.693,131.009,138.851,501.82,-39.344,-167.18
2.2755,7.04105,-12.1801,-1.89725,7.70434,-10.2153,-1.42216,2.07375,0.47509,3.85199,0,-0.470467,2.72583,-0.289436,-0.255306,192.630005,163.759995,178.195000,669.000000,146.78,131.275,139.027,503.043,-39.1677,-165.957
2.2954,6.88901,-12.5049,-1.93862,7.71225,-10.432,-1.44278,2.23037,0.49584,3.90516,0,-0.421503,2.7208,-0.281114,-0.248085,197.970001,167.179993,182.574997,676.000000,146.383,131.071,138.727,501.152,-43.848,-174.848
2.31548,6.79155,-12.6728,-1.96173,7.71602,-10.6532,-1.46356,2.22109,0.498166,3.90516,0,-0.439695,2.70906,-0.278858,-0.247419,197.970001,167.179993,182.574997,676.000000,145.708,130.465,138.087,498.827,-44.4884,-177.173
2.33548,6.63126,-12.9577,-1.99874,7.71557,-10.8703,-1.48368,2.35221,0.51506,3.90516,0,-0.40977,2.69923,-0.265205,-0.242217,191.369995,163.740005,177.555000,676.000000,144.708,130.096,137.402,496.997,-40.153,-179.003
2.35542,6.48388,-13.2662,-2.03463,7.71138,-11.0864,-1.50324,2.50164,0.53139,3.90638,0,-0.405596,2.68845,-0.258306,-0.256091,191.369995,163.740005,177.555000,676.000000,143.996,129.663,136.83,495.202,-40.7254,-180.798
2.37543,6.33816,-13.4741,-2.06239,7.70314,-11.3009,-1.52261,2.56629,0.539777,3.90638,0,-0.410496,2.67751,-0.261058,-0.252756,157.610001,146.710007,152.160004,676.000000,143.515,129.065,136.29,493.174,-15.87,-182.826
2.39542,6.13528,-13.7802,-2.10293,7.69085,-11.5144,-1.54179,2.74838,0.561135,3.90638,0,-0.400671,2.66822,-0.257248,-0.23562,157.610001,146.710007,152.160004,676.000000,142.698,128.72,135.709,491.372,-16.4512,-184.628
2.41543,5.96094,-13.9914,-2.13334,7.67483,-11.7286,-1.56074,2.83856,0.5726,4.03148,0,-0.377887,2.64237,-0.242573,-0.230696,188.850006,169.509995,179.180000,695.000000,141.066,127.392,134.229,485.75,-44.9508,-209.25
2.43545,5.77195,-14.2805,-2.16689,7.65534,-11.9379,-1.5792,3.00583,0.587686,4.03148,0,-0.40253,2.58889,-0.241813,-0.226955,188.850006,169.509995,179.180000,695.000000,138.66,124.735,131.697,474.389,-47.4826,-220.611
2.45537,5.59366,-14.4984,-2.19677,7.63237,-12.1418,-1.59737,3.11609,0.599397,4.03148,0,-0.388326,2.53539,-0.244,-0.220197,184.639999,161.850006,173.245003,695.000000,135.849,122.18,129.014,464.63,-44.2308,-230.37
2.47538,5.45126,-14.6294,-2.21911,7.60559,-12.3424,-1.61573,3.14195,0.603385,3.35803,0,-0.359593,2.55708,-0.242083,-0.23037,184.639999,161.850006,173.245003,585.000000,136.952,123.122,130.037,464.561,-43.2082,-120.439
2.4954,5.24262,-14.8514,-2.25425,7.5738,-12.5512,-1.63484,3.27493,0.619403,3.35803,0,-0.398131,2.73306,-0.265046,-0.24353,184.639999,161.850006,173.245003,585.000000,146.166,131.858,139.012,513.691,-34.2334,-71.3085
2.51537,5.07584,-15.05,-2.28416,7.53506,-12.7754,-1.6554,3.34985,0.628758,3.35803,0,-0.419184,2.91385,-0.279207,-0.286841,184.639999,161.850006,173.245003,585.000000,155.886,140.476,148.181,548.713,-25.064,-36.2874
2.53536,4.81377,-15.2742,-2.31147,7.48831,-13.0133,-1.67768,3.50212,0.63379,3.96128,0,-0.395265,3.05805,-0.310493,-0.280847,190.550003,167.699997,179.125000,683.000000,164.901,148.05,156.475,541.635,-22.6498,-141.365
2.55535,4.59436,-15.5067,-2.3432,7.43494,-13.2509,-1.70105,3.62734,0.642143,3.96128,0,-0.43665,3.01965,-0.325293,-0.293371,190.550003,167.699997,179.125000,683.000000,162.977,145.353,154.165,555.523,-24.9599,-127.477
2.57531,4.29944,-15.7447,-2.38826,7.37502,-13.4849,-1.72552,3.81654,0.662731,3.96128,0,-0.486973,2.98226,-0.332244,-0.309051,208.089996,217.690002,212.889999,683.000000,161.828,143.431,152.63,547.788,-60.2603,-135.212
2.59538,4.04783,-15.9272,-2.42285,7.30912,-13.714,-1.75064,3.94138,0.672206,4.16325,0,-0.485809,2.94333,-0.344676,-0.312535,208.089996,217.690002,212.889999,716.000000,160.064,141.622,150.843,540.769,-62.0471,-175.231
2.6153,3.80021,-16.0993,-2.46068,7.23806,-13.9362,-1.77606,4.06173,0.684617,4.16325,0,-0.491413,2.85694,-0.334428,-0.3203,208.089996,217.690002,212.889999,716.000000,156.051,137.56,146.806,519.026,-66.0842,-196.974
2.63534,3.54227,-16.3001,-2.49904,7.16305,-14.1504,-1.80127,4.21088,0.697767,4.16325,0,-0.49354,2.74091,-0.336988,-0.320019,208.089996,217.690002,212.889999,716.000000,149.921,131.904,140.913,499.422,-71.9774,-216.578
2.65536,3.25626,-16.4581,-2.54247,7.08659,-14.3518,-1.82539,4.37122,0.717073,3.84734,0,-0.458595,2.62948,-0.314877,-0.31249,208.089996,217.690002,212.889999,669.000000,143.886,126.469,135.178,478.972,-77.7124,-190.028
2.67533,3.01319,-16.5799,-2.5805,7.0074,-14.5465,-1.84888,4.48203,0.731619,3.84734,0,-0.463691,2.56502,-0.315077,-0.285771,208.089996,217.690002,212.889999,669.000000,140.451,123.652,132.052,471.388,-80.8384,-197.612
2.69534,2.81188,-16.6596,-2.61024,6.92576,-14.7353,-1.87167,4.54166,0.738573,3.84734,0,-0.429744,2.56879,-0.300094,-0.283601,208.089996,217.690002,212.889999,669.000000,139.889,123.487,131.688,474.328,-81.2019,-194.672
2.71532,2.48067,-16.8112,-2.65668,6.84088,-14.9228,-1.89342,4.75157,0.763263,3.84734,0,-0.484105,2.57537,-0.280681,-0.276226,208.089996,217.690002,212.889999,669.000000,139.517,123.975,131.746,475.169,-81.1441,-193.831
2.73534,2.24522,-16.9297,-2.69251,6.75059,-15.114,-1.91479,4.85751,0.777725,3.36051,0,-0.41281,2.72829,-0.289985,-0.281422,208.089996,217.690002,212.889999,588.000000,147.384,131.376,139.38,511.881,-73.5101,-76.119
2.75533,2.04332,-16.9846,-2.71723,6.6495,-15.3189,-1.93689,4.89812,0.78034,3.36051,0,-0.391831,2.90724,-0.294038,-0.263398,208.089996,217.690002,212.889999,588.000000,156.292,139.775,148.033,547.392,-64.8565,-40.6079
2.77531,1.77967,-17.0632,-2.74658,6.53935,-15.5325,-1.95904,4.99975,0.787548,3.36051,0,-0.359259,3.08674,-0.301201,-0.279821,208.089996,217.690002,212.889999,588.000000,165.108,148.729,156.919,581.188,-55.971,-6.8118
2.79531,1.46573,-17.1658,-2.77849,6.41962,-15.7552,-1.98128,5.15079,0.797216,3.65984,0,-0.423921,3.20352,-0.298544,-0.273743,208.089996,217.690002,212.889999,632.000000,171.062,154.711,162.886,594.284,-50.0036,-37.7164
2.81533,1.18029,-17.2687,-2.81255,6.29065,-15.9832,-2.00413,5.26955,0.808421,3.65984,0,-0.385095,3.27838,-0.309446,-0.297893,208.089996,217.690002,212.889999,632.000000,175.167,158.124,166.645,609.564,-46.2447,-22.4363
2.83525,0.910038,-17.3327,-2.83809,6.15388,-16.2109,-2.02787,5.3625,0.810216,3.65984,0,-0.399945,3.35139,-0.328415,-0.307827,208.089996,217.690002,212.889999,632.000000,179.741,161.387,170.564,623.209,-42.3261,-8.79051
2.85528,0.360866,-17.5105,-2.88405,6.00652,-16.4392,-2.05411,5.7464,0.829946,4.89779,0,-0.42053,3.41621,-0.373783,-0.359196,208.089996,217.690002,212.889999,833.000000,185.088,164.297,174.693,635.362,-38.1975,-197.638
2.8753,0.1065,-17.5073,-2.91383,5.84529,-16.6672,-2.08465,5.79994,0.829179,4.89779,0,-0.535076,3.47543,-0.425561,-0.389382,208.089996,217.690002,212.889999,833.000000,189.859,167.065,178.462,646.606,-34.4277,-186.394
2.89531,-0.0749944,-17.5114,-2.94032,5.68261,-16.8806,-2.11536,5.79206,0.824968,4.89779,0,-0.563982,3.13556,-0.398166,-0.372121,231.779999,169.610001,200.695000,833.000000,172.597,150.721,161.659,550.677,-39.036,-282.323
2.91525,-0.401869,-17.5122,-3.00454,5.53267,-17.0642,-2.1434,5.95143,0.861135,2.45346,0,-0.515175,2.75748,-0.338187,-0.302158,231.779999,169.610001,200.695000,453.000000,151.089,132.807,141.948,482.321,-58.7473,29.3207
2.93528,-0.602917,-17.5357,-3.04449,5.40062,-17.2223,-2.16498,6.01171,0.879505,2.45346,0,-0.435957,2.38912,-0.24617,-0.240664,170.669998,146.580002,158.625000,453.000000,128.964,115.313,122.139,419.635,-36.4865,-33.3645
2.95527,-0.909479,-17.5589,-3.0777,5.27404,-17.3727,-2.18273,6.18633,0.894973,2.45346,0,-0.377132,2.69446,-0.24383,-0.234669,170.669998,146.580002,158.625000,453.000000,143.385,129.852,136.618,496.945,-22.0066,43.9445
2.9753,-1.09099,-17.5321,-3.08857,5.12231,-17.5497,-2.20173,6.21332,0.88684,3.42195,0,-0.327041,3.06799,-0.256197,-0.25465,149.949997,129.369995,139.659996,592.000000,162.429,148.214,155.321,617.147,15.6614,25.1466
2.99529,-1.48691,-17.5241,-3.12723,4.95179,-17.7416,-2.22232,6.44237,0.90491,3.42195,0,-0.266749,3.2426,-0.283104,-0.250272,149.949997,129.369995,139.659996,592.000000,171.754,156.511,164.133,609.03,24.4726,17.0296
3.01527,-1.70782,-17.4968,3.13424,4.77058,-17.9369,-2.24372,6.49334,0.905234,3.42195,0,-0.302411,3.40209,-0.303948,-0.291704,165.039993,148.899994,156.969994,592.000000,180.663,164.346,172.505,638.929,15.5347,46.9289
3.03526,-2.0101,-17.4905,3.10737,4.5742,-18.1345,-2.26903,6.61572,0.906785,3.50696,0,-0.336367,3.55516,-0.341152,-0.330346,165.039993,148.899994,156.969994,603.000000,190.461,171.149,180.805,667.813,23.835,64.8126
3.05522,-2.1973,-17.452,3.0874,4.36463,-18.335,-2.29519,6.62108,0.900604,3.50696,0,-0.347089,3.68199,-0.360392,-0.324083,181.869995,159.130005,170.500000,603.000000,197.053,177.357,187.205,689.025,16.7049,86.0245
3.07521,-2.61284,-17.4026,3.04712,4.14105,-18.5381,-2.32228,6.84867,0.913789,3.50696,0,-0.387266,3.80912,-0.36639,-0.34903,181.869995,159.130005,170.500000,603.000000,203.677,183.617,193.647,712.901,23.1469,109.901
3.09525,-2.91035,-17.3552,3.02008,3.90463,-18.7409,-2.35038,6.95446,0.912722,3.96417,0,-0.345756,3.93428,-0.386297,-0.368457,194.250000,170.419998,182.334999,683.000000,210.921,189.462,200.192,736.556,17.8568,53.5565
3.11526,-3.22704,-17.3118,2.98969,3.66008,-18.9372,-2.37978,7.07632,0.913719,3.96417,0,-0.428493,3.91612,-0.40348,-0.385666,194.250000,170.419998,182.334999,683.000000,211.105,188.426,199.766,719.631,17.4309,36.6309
3.13525,-3.49648,-17.2323,2.95719,3.40846,-19.1241,-2.41127,7.15941,0.914727,3.96417,0,-0.484183,3.87272,-0.432297,-0.399227,207.710007,181.160004,194.435005,683.000000,209.911,186.367,198.139,711.171,3.70399,28.171
3.15523,-3.83815,-17.1239,2.91558,3.15353,-19.2994,-2.44367,7.3223,0.923928,4.08729,0,-0.478598,3.82871,-0.44497,-0.406364,207.710007,181.160004,194.435005,705.000000,208.199,184.189,196.194,702.997,1.75919,-2.00299
3.17521,-4.16574,-17.014,2.87848,2.89657,-19.4626,-2.47648,7.47477,0.928226,4.08729,0,-0.494057,3.74925,-0.443324,-0.424224,234.960007,147.419998,191.190002,705.000000,204.601,180.342,192.471,684.861,1.28142,-20.1393
3.19518,-4.47512,-16.9239,2.83838,2.63586,-19.6155,-2.50986,7.60332,0.934945,4.08729,0,-0.506691,3.65852,-0.443497,-0.415256,234.960007,147.419998,191.190002,705.000000,200.098,175.944,188.021,667.808,-3.16884,-37.192
3.21516,-4.71765,-16.7798,2.7985,2.38111,-19.7527,-2.54267,7.69617,0.942015,4.08729,0,-0.498894,3.56728,-0.442337,-0.399415,190.750000,170.160004,180.455002,705.000000,195.245,171.58,183.413,651.224,2.95766,-53.776
3.23515,-5.02844,-16.6617,2.75875,2.12806,-19.8786,-2.57477,7.84627,0.949669,4.08729,0,-0.488536,3.4778,-0.416706,-0.395494,190.750000,170.160004,180.455002,705.000000,190.54,167.061,178.801,634.569,-1.65446,-70.4306
3.25514,-5.23359,-16.5379,2.72482,1.87721,-19.9937,-2.60594,7.90605,0.952427,4.08729,0,-0.474603,3.38811,-0.408875,-0.378392,181.110001,153.639999,167.375000,705.000000,185.343,162.811,174.077,618.534,6.70194,-86.4657
3.27523,-5.48686,-16.3761,2.68413,1.62515,-20.1005,-2.63645,8.0282,0.962601,4.08729,0,-0.456767,3.29761,-0.400786,-0.370979,181.110001,153.639999,167.375000,705.000000,180.31,158.596,169.453,602.164,2.07793,-102.836
3.29518,-5.63668,-16.259,2.65021,1.38343,-20.1958,-2.6646,8.04862,0.968381,3.15019,0,-0.439385,3.35707,-0.378934,-0.343453,170.250000,148.259995,159.254997,555.000000,182.448,161.828,172.138,617.697,12.8829,62.6969
3.31517,-5.87031,-16.0933,2.61241,1.11748,-20.2952,-2.69259,8.15386,0.978193,3.15019,0,-0.375981,3.61096,-0.360397,-0.342593,170.250000,148.259995,159.254997,555.000000,194.017,173.597,183.807,687.57,24.5522,132.57
3.33515,-6.09822,-15.9552,2.58176,0.836352,-20.3942,-2.71963,8.23363,0.981799,3.15019,0,-0.349618,3.86473,-0.363351,-0.336534,169.470001,150.820007,160.145004,555.000000,206.134,186.232,196.183,735.668,36.0377,180.668
3.3552,-6.32387,-15.7732,2.5564,0.532308,-20.4939,-2.74695,8.32422,0.979839,3.82385,0,-0.329949,3.98779,-0.359121,-0.351535,169.470001,150.820007,160.145004,658.000000,212.835,192.694,202.765,730.552,42.6195,72.5521
3.3752,-6.57091,-15.5664,2.52549,0.224014,-20.5864,-2.77392,8.44818,0.98377,3.82385,0,-0.428083,4.00566,-0.360953,-0.334873,161.039993,171.800003,166.419998,658.000000,213.245,193.392,203.318,740.092,36.8984,82.0921
3.39517,-6.78173,-15.3746,2.49618,-0.084673,-20.6708,-2.80036,8.53816,0.986646,3.82385,0,-0.325216,4.02459,-0.360942,-0.323507,161.039993,171.800003,166.419998,658.000000,214.378,194.107,204.243,743.417,37.8227,85.4168
3.41515,-7.02097,-15.1895,2.46827,-0.397959,-20.7474,-2.82712,8.64605,0.987798,3.50726,0,-0.404552,4.08781,-0.36657,-0.334205,191.720001,181.740005,186.730003,607.000000,217.759,197.345,207.552,761.2,20.8222,154.2
3.43512,-7.22553,-14.991,2.43769,-0.723799,-20.8174,-2.85491,8.73037,0.990588,3.50726,0,-0.323786,4.21575,-0.379376,-0.355706,191.720001,181.740005,186.730003,607.000000,224.531,203.276,213.903,789.202,27.1735,182.202
3.45516,-7.44902,-14.7657,2.40955,-1.06591,-20.8801,-2.88454,8.83912,0.989089,3.50726,0,-0.378853,4.34306,-0.409284,-0.375542,202.229996,182.860001,192.544998,607.000000,231.825,209.358,220.591,813.205,28.0463,206.205
3.47513,-7.66333,-14.5264,2.38241,-1.41336,-20.9317,-2.91579,8.94927,0.984987,3.90127,0,-0.416016,4.41887,-0.433554,-0.400788,202.229996,182.860001,192.544998,676.000000,236.775,212.908,224.842,822.851,32.2967,146.851
3.4951,-7.9102,-14.283,2.34332,-1.76507,-20.9707,-2.94858,9.08231,0.991283,3.90127,0,-0.474174,4.40427,-0.450055,-0.418586,210.470001,156.720001,183.595001,676.000000,237.011,212.033,224.522,811.157,40.9268,135.157
3.51513,-8.16298,-13.9392,2.30264,-2.11804,-20.9963,-2.98293,9.29214,0.997617,3.90127,0,-0.469659,4.38477,-0.473177,-0.438701,210.470001,156.720001,183.595001,676.000000,236.776,211.215,223.996,807.404,40.4007,131.404
3.53519,-8.35818,-13.7139,2.26682,-2.46934,-21.0071,-3.01917,9.37387,0.997201,4.08536,0,-0.498304,4.36101,-0.495754,-0.468082,210.149994,154.259995,182.204994,705.000000,237.108,209.662,223.385,798.533,41.1802,93.5334
3.55516,-8.51483,-13.4566,2.2307,-2.81618,-21.0025,-3.05696,9.45598,0.99553,4.08536,0,-0.560903,4.26576,-0.513985,-0.476664,210.149994,154.259995,182.204994,705.000000,233.131,205.15,219.14,778.125,36.9354,73.1247
3.57509,-8.7312,-13.1627,2.18019,-3.1541,-20.984,-3.09506,9.60602,1.00794,4.08536,0,-0.540258,4.17079,-0.513252,-0.489855,203.350006,171.919998,187.635002,705.000000,228.479,200.62,214.55,761.013,26.9147,56.0132
3.59514,-8.87176,-12.8282,2.13501,-3.48829,-20.9518,-3.13374,9.74549,1.01444,3.80936,0,-0.55517,4.07511,-0.510766,-0.472607,203.350006,171.919998,187.635002,662.000000,223.65,195.887,209.768,743.35,22.1334,81.3498
3.61514,-8.96846,-12.5844,2.09633,-3.81124,-20.9087,3.11241,9.79239,1.01607,3.80936,0,-0.536528,4.07867,-0.496903,-0.456901,202.690002,176.110001,189.400002,662.000000,223.163,195.936,209.55,754.015,20.1496,92.0147
3.63513,-9.11368,-12.322,2.05703,-4.13813,-20.8544,3.07602,9.87709,1.01899,3.80936,0,-0.4833,4.09329,-0.477298,-0.433131,202.690002,176.110001,189.400002,662.000000,222.678,196.835,209.756,756.717,20.3562,94.7173
3.65508,-9.24222,-12.0061,2.01146,-4.45943,-20.7906,3.04132,10.0022,1.02987,4.59913,0,-0.524827,4.10797,-0.464816,-0.422655,200.419998,167.179993,183.799995,786.000000,222.821,197.659,210.24,759.341,26.4399,-26.6588
3.67511,-9.34934,-11.6685,1.9751,-4.7844,-20.7153,3.00686,10.1333,1.03176,4.59913,0,-0.465885,4.12201,-0.462786,-0.429654,200.419998,167.179993,183.799995,786.000000,223.235,198.51,210.873,762.033,27.0728,-23.9668
3.69514,-9.44861,-11.32,1.93132,-5.1024,-20.6301,2.97296,10.2746,1.04163,4.59913,0,-0.407173,4.01053,-0.440272,-0.426547,204.850006,186.649994,195.750000,786.000000,217.184,192.83,205.007,724.071,9.25681,-61.9285
3.71513,-9.50058,-11.0644,1.90054,-5.40089,-20.5399,2.94115,10.3244,1.04061,4.59913,0,-0.367072,3.74195,-0.39383,-0.383749,204.850006,186.649994,195.750000,786.000000,202.455,180.406,191.43,666.426,-4.3197,-119.574
3.73507,-9.58144,-10.8159,1.8704,-5.67355,-20.4501,2.91328,10.3966,1.04288,3.24101,0,-0.357562,3.47917,-0.339401,-0.336768,169.699997,148.580002,159.139999,566.000000,187.193,167.83,177.512,620.37,18.3716,54.3698
3.75512,-9.60487,-10.6028,1.84091,-5.93522,-20.3581,2.88806,10.4227,1.04715,3.24101,0,-0.356893,3.4999,-0.327371,-0.319424,169.699997,148.580002,159.139999,566.000000,186.251,168.414,177.332,677.936,18.1923,111.936
3.77505,-9.64247,-10.3487,1.81375,-6.2076,-20.257,2.86369,10.4869,1.04994,3.24101,0,-0.296071,3.72946,-0.327662,-0.316906,169.699997,148.580002,159.139999,566.000000,197.986,179.952,188.969,707.045,29.8286,141.045
3.79504,-9.67731,-10.087,1.78748,-6.49501,-20.1436,2.83891,10.5482,1.05144,3.1725,0,-0.344443,3.97345,-0.335513,-0.305522,169.699997,148.580002,159.139999,555.000000,210.442,191.726,201.084,755.68,41.9439,200.68
3.81505,-9.72372,-9.86269,1.76295,-6.79976,-20.0158,2.81349,10.5658,1.05054,3.1725,0,-0.295624,4.22685,-0.336987,-0.31707,184.389999,171.070007,177.730003,555.000000,223.155,204.198,213.677,803.255,35.9466,248.255
3.83511,-9.73872,-9.62598,1.74453,-7.11868,-19.8733,2.78748,10.577,1.04295,3.1725,0,-0.325802,4.47805,-0.35668,-0.331981,184.389999,171.070007,177.730003,555.000000,236.264,216.403,226.333,850.93,48.6033,295.93
3.85511,-9.78241,-9.19263,1.71254,-7.45325,-19.7126,2.75986,10.7748,1.04732,4.51207,0,-0.277559,4.72936,-0.374765,-0.355739,203.979996,178.289993,191.134995,771.000000,249.507,228.546,239.026,898.69,47.8915,127.69
3.87505,-9.80904,-8.82869,1.68863,-7.79889,-19.5343,2.73069,10.8927,1.04205,4.51207,0,-0.466642,4.9781,-0.398424,-0.376188,203.979996,178.289993,191.134995,771.000000,262.998,240.359,251.678,946.242,60.5434,175.242
3.89504,-9.81119,-8.50181,1.65375,-8.15417,-19.3353,2.69868,10.9595,1.04493,4.51207,0,-0.448595,5.21776,-0.478235,-0.437899,221.199997,191.919998,206.559998,771.000000,277.519,251.653,264.586,992.974,58.0262,221.974
3.91502,-9.8073,-8.12635,1.61047,-8.50815,-19.1151,2.66136,11.0653,1.05089,3.93282,0,-0.533173,5.1212,-0.510642,-0.479491,221.199997,191.919998,206.559998,683.000000,275.438,247.503,261.47,913.644,54.9104,230.644
3.93507,-9.81276,-7.90997,1.58183,-8.84256,-18.8851,2.62219,11.018,1.04036,3.93282,0,-0.496761,4.87297,-0.516154,-0.478913,201.259995,174.050003,187.654999,683.000000,263.456,234.855,249.155,870.596,61.5004,187.596
3.9551,-9.77262,-7.47059,1.52511,-9.14587,-18.6559,2.58344,11.2029,1.05833,3.93282,0,-0.517182,4.62615,-0.520782,-0.483782,201.259995,174.050003,187.654999,683.000000,251.964,222.425,237.194,825.229,49.5395,142.229
3.97499,-9.71713,-7.19622,1.48762,-9.42755,-18.4215,2.54364,11.229,1.05602,3.91307,0,-0.520747,4.54235,-0.539549,-0.502085,199.649994,197.850006,198.750000,680.000000,247.935,218.406,233.171,833.191,34.4207,153.191
3.995,-9.64477,-6.8825,1.44234,-9.69706,-18.1772,2.50335,11.2948,1.06101,3.91307,0,-0.548792,4.51157,-0.54286,-0.504363,199.649994,197.850006,198.750000,680.000000,246.363,216.958,231.661,829.994,32.9108,149.994
4.01508,-9.59577,-6.56033,1.39775,-9.95887,-17.9198,2.46274,11.3653,1.06499,3.91307,0,-0.520681,4.48289,-0.534768,-0.493691,199.550003,150.729996,175.139999,680.000000,244.411,215.664,230.037,824.781,54.8975,144.781
4.03503,-9.50995,-6.31449,1.3624,-10.2042,-17.6596,2.42379,11.3664,1.06139,3.93042,0,-0.520122,4.45642,-0.514646,-0.496481,199.550003,150.729996,175.139999,687.000000,242.735,214.254,228.494,820.027,53.3544,133.027
4.05502,-9.39029,-5.98733,1.31638,-10.4396,-17.3911,2.38569,11.4519,1.06931,3.93042,0,-0.553779,4.43161,-0.504369,-0.479597,196.910004,168.690002,182.800003,687.000000,240.837,213.203,227.02,815.452,44.2202,128.452
4.075,-9.27663,-5.70802,1.27508,-10.6662,-17.113,2.34801,11.4893,1.07293,3.93042,0,-0.509811,4.40628,-0.483978,-0.453379,196.910004,168.690002,182.800003,687.000000,238.716,212.026,225.371,810.188,42.5708,123.188
4.09506,-9.15509,-5.45929,1.23914,-10.882,-16.8311,2.31274,11.5022,1.0736,4.06944,0,-0.492431,4.38173,-0.460649,-0.417471,191.130005,165.410004,178.270004,702.000000,236.052,211.035,223.544,805.997,45.2738,103.997
4.11504,-9.00963,-5.14797,1.19807,-11.0855,-16.5494,2.28005,11.5889,1.08198,4.06944,0,-0.451056,4.32798,-0.431195,-0.391355,191.130005,165.410004,178.270004,702.000000,232.365,208.718,220.542,790.311,42.2717,88.3106
4.135,-8.89905,-4.87803,1.16701,-11.2772,-16.2674,2.24921,11.635,1.08221,4.06944,0,-0.393004,4.25455,-0.407944,-0.390457,194.550003,166.089996,180.320000,702.000000,227.738,205.301,216.519,778.036,36.1995,76.0364
4.15503,-8.72271,-4.57493,1.13008,-11.4617,-15.979,2.21897,11.7283,1.08889,4.06944,0,-0.369541,4.18386,-0.398656,-0.362443,194.550003,166.089996,180.320000,702.000000,223.644,201.926,212.785,765.129,32.4645,63.1288
4.17498,-8.62126,-4.4469,1.10376,-11.6318,-15.6957,2.19017,11.6447,1.08641,3.17507,0,-0.399962,4.11319,-0.379903,-0.375757,224.339996,160.850006,192.595001,555.000000,219.784,198.539,209.161,752.337,16.5663,197.337
4.195,-8.43106,-4.16067,1.0696,-11.7937,-15.4085,2.16175,11.7397,1.09215,3.17507,0,-0.315909,4.04824,-0.368155,-0.344744,224.339996,160.850006,192.595001,555.000000,215.498,195.38,205.439,796.298,12.844,241.298
4.21498,-8.26814,-3.92291,1.04664,-11.9519,-15.1127,2.13453,11.7805,1.08789,3.17507,0,-0.278574,4.30822,-0.355245,-0.342944,191.369995,172.699997,182.034996,555.000000,228.278,207.746,218.012,819.949,35.977,264.949
4.23495,-8.09284,-3.62807,1.02138,-12.1118,-14.796,2.10695,11.8691,1.08557,4.23126,0,-0.342759,4.41431,-0.357382,-0.352401,191.369995,172.699997,182.034996,731.000000,233.823,212.563,223.193,822.437,41.1584,91.4366
4.255,-7.88321,-3.32771,0.993844,-12.2595,-14.4816,2.07973,11.9817,1.08589,4.23126,0,-0.386242,4.2876,-0.376832,-0.344522,191.369995,172.699997,182.034996,731.000000,227.774,207.43,217.602,778.794,35.5672,47.7939
4.27498,-7.66404,-3.05477,0.96337,-12.393,-14.1691,2.05078,12.0785,1.08741,4.23126,0,-0.364016,4.15469,-0.395833,-0.371592,191.369995,172.699997,182.034996,731.000000,222.401,200.511,211.456,754.236,29.4213,23.2359
4.29501,-7.4401,-2.78662,0.930038,-12.5112,-13.8592,2.01953,12.1786,1.08949,4.15191,0,-0.466264,4.01233,-0.430162,-0.394664,191.369995,172.699997,182.034996,716.000000,216.563,193.401,204.982,728.036,22.947,12.0361
4.31498,-7.21318,-2.54109,0.893971,-12.6118,-13.5589,1.98713,12.2694,1.09315,4.15191,0,-0.476728,3.89693,-0.447378,-0.413422,191.369995,172.699997,182.034996,716.000000,211.91,187.516,199.713,709.3,17.6776,-6.70036
4.33497,-7.00552,-2.29233,0.855865,-12.6976,-13.2634,1.95346,12.3598,1.0976,4.15191,0,-0.522484,3.77972,-0.460146,-0.428984,191.369995,172.699997,182.034996,716.000000,206.665,181.863,194.264,687.741,12.2288,-28.2594
4.35501,-6.93198,-2.25769,0.842528,-12.7691,-12.9729,1.91874,12.202,1.07621,3.84172,0,-0.516152,3.65909,-0.471832,-0.434745,191.369995,172.699997,182.034996,716.000000,201.677,175.754,188.716,665.202,6.68088,-50.7976
4.37496,-6.53369,-1.89132,0.766986,-12.827,-12.6881,1.88353,12.4971,1.11654,3.84172,0,-0.575052,3.5371,-0.472466,-0.430843,199.389999,164.839996,182.114998,716.000000,195.668,169.848,182.758,642.909,0.642867,-73.0908
4.39494,-6.28693,-1.71868,0.72585,-12.8734,-12.4099,1.84912,12.5572,1.12327,3.84172,0,-0.500452,3.4851,-0.452616,-0.421892,199.389999,164.839996,182.114998,716.000000,191.76,167.329,179.544,647.46,-2.57054,-68.5399
4.41502,-6.06547,-1.53027,0.682646,-12.9116,-12.1277,1.8154,12.6165,1.13275,3.78369,0,-0.570433,3.48465,-0.441475,-0.409862,204.380005,173.470001,188.925003,662.000000,191.328,167.461,179.395,643.317,-9.53036,-18.6829
4.435,-5.82276,-1.39883,0.645289,-12.9406,-11.8485,1.78273,12.6436,1.13744,3.78369,0,-0.476898,3.48408,-0.428989,-0.404926,204.380005,173.470001,188.925003,662.000000,191.017,167.397,179.207,643.079,-9.7182,-18.9211
4.4549,-5.49933,-1.20879,0.59555,-12.9615,-11.573,1.7516,12.7711,1.15605,3.78369,0,-0.556005,3.50229,-0.409944,-0.383062,208.300003,175.610001,191.955002,662.000000,190.73,168.401,179.566,647.94,-12.3892,-14.0597
4.47499,-5.27724,-1.10882,0.564836,-12.9769,-11.2875,1.72164,12.7628,1.1568,4.33764,0,-0.401018,3.53003,-0.391176,-0.354037,208.300003,175.610001,191.955002,746.000000,190.929,169.91,180.419,653.35,-11.5357,-92.6504
4.49491,-4.9358,-0.901917,0.522872,-12.9855,-11.0043,1.6934,12.9172,1.17053,4.33764,0,-0.496993,3.5352,-0.373921,-0.347615,212.619995,179.600006,196.110001,746.000000,191.243,170.941,181.092,607.057,-15.0178,-138.943
4.5149,-4.57305,-0.772505,0.48144,-12.9867,-10.7253,1.66613,13.0326,1.18469,4.33764,0,-0.403823,3.35436,-0.358582,-0.318837,212.619995,179.600006,196.110001,746.000000,181.072,161.656,171.364,606.025,-24.7458,-139.975
4.53497,-4.28473,-0.627651,0.448421,-12.9814,-10.4654,1.64104,13.1306,1.19262,3.59501,0,-0.431388,3.18221,-0.334603,-0.29894,196.110001,177.889999,187.000000,629.000000,171.366,153.481,162.424,575.186,-24.5763,-53.8138
4.5549,-4.03617,-0.550781,0.415253,-12.9711,-10.2137,1.61756,13.1607,1.2023,3.59501,0,-0.414238,3.0778,-0.299147,-0.282966,196.110001,177.889999,187.000000,629.000000,164.246,147.688,155.967,581.865,-31.0333,-47.1349
4.57497,-3.72613,-0.464691,0.381372,-12.9557,-9.96182,1.59476,13.2431,1.21338,3.59501,0,-0.391384,3.17605,-0.308955,-0.273877,187.070007,163.100006,175.085007,629.000000,170.145,153.008,161.577,591.598,-13.5082,-37.4023
4.59499,-3.42714,-0.37622,0.351644,-12.9346,-9.70383,1.57194,13.319,1.22029,3.72415,0,-0.365685,3.27484,-0.306793,-0.284171,187.070007,163.100006,175.085007,647.000000,174.879,157.869,166.374,610.664,-8.71122,-36.3361
4.61495,-3.15389,-0.309133,0.324046,-12.9075,-9.44015,1.54901,13.3607,1.22496,3.72415,0,-0.352931,3.33913,-0.297212,-0.297056,196.229996,165.369995,180.799995,647.000000,177.925,161.112,169.519,619.975,-11.2814,-27.0251
4.6349,-2.94413,-0.24111,0.302841,-12.8739,-9.17323,1.52586,13.356,1.22302,3.72415,0,-0.396431,3.39151,-0.318735,-0.29285,196.229996,165.369995,180.799995,647.000000,181.162,163.535,172.349,629.082,-8.45148,-17.9176
4.65497,-2.55828,-0.157282,0.264272,-12.8323,-8.90111,1.50157,13.4911,1.2373,3.72415,0,-0.366097,3.44219,-0.338114,-0.307233,187.520004,181.690002,184.605003,647.000000,184.368,165.897,175.133,638.614,-9.47235,-8.38614
4.67492,-2.18422,-0.0943505,0.225127,-12.7827,-8.63006,1.47587,13.6083,1.25074,4.07096,0,-0.439784,3.42988,-0.36355,-0.327106,187.520004,181.690002,184.605003,702.000000,184.523,165.306,174.915,624.921,-9.69029,-77.0788
4.69488,-1.81769,-0.0441212,0.188209,-12.7241,-8.36048,1.44858,13.7154,1.26037,4.07096,0,-0.494449,3.35205,-0.360257,-0.344699,216.600006,187.149994,201.875000,702.000000,181.5,161.35,171.425,612.552,-30.45,-89.4479
4.71495,-1.50889,0.00875734,0.150732,-12.659,-8.10195,1.42093,13.788,1.2702,4.07096,0,-0.508235,3.27127,-0.369459,-0.359955,216.600006,187.149994,201.875000,702.000000,177.728,157.475,167.602,598.09,-34.2731,-103.91
4.73501,-1.20327,0.0192816,0.112661,-12.5869,-7.85032,1.39282,13.839,1.28016,4.07096,0,-0.491026,3.18991,-0.367656,-0.362357,209.869995,179.800003,194.834999,702.000000,173.904,153.454,163.679,583.048,-31.1556,-118.952
4.75498,-0.868117,0.0140425,0.0723177,-12.5098,-7.60927,1.36498,13.9156,1.29266,4.07096,0,-0.56147,3.10804,-0.371407,-0.358434,209.869995,179.800003,194.834999,702.000000,169.896,149.452,159.674,568.077,-35.1609,-133.923
4.77488,-0.522528,0.00134473,0.0262177,-12.429,-7.38035,1.33781,14.009,1.3116,4.07096,0,-0.500774,3.02693,-0.37016,-0.338972,120.019997,113.459999,116.739998,702.000000,165.732,145.449,155.591,553.185,38.8508,-148.815
4.79489,-0.224603,0.00351002,-0.0132667,-12.3416,-7.15307,1.31044,14.0726,1.32371,3.68854,0,-0.513461,2.9537,-0.35842,-0.340699,120.019997,113.459999,116.739998,647.000000,161.403,141.708,151.556,575.477,34.8155,-71.5228
4.8149,0.084966,-0.0806935,-0.0577815,-12.2495,-6.93055,1.28374,14.1089,1.34152,3.68854,0,-0.529598,3.01823,-0.348286,-0.329779,201.520004,182.940002,192.230003,647.000000,164.552,144.843,154.697,560.902,-37.5325,-86.0976
4.83494,0.36985,-0.102808,-0.0973604,-12.1515,-6.70712,1.25791,14.1563,1.35527,3.68854,0,-0.553901,3.07753,-0.339781,-0.327053,201.520004,182.940002,192.230003,647.000000,166.827,148.034,157.43,571.706,-34.7995,-75.2938
4.85492,0.785799,-0.191089,-0.145676,-12.0452,-6.47828,1.23214,14.2885,1.37782,5.36929,0,-0.498068,3.13805,-0.34232,-0.324327,228.729996,171.210007,199.970001,863.000000,170.016,150.765,160.39,583.184,-39.5796,-279.816
4.87486,1.14946,-0.25062,-0.179662,-11.9328,-6.2504,1.20677,14.3925,1.38644,5.36929,0,-0.532358,3.19954,-0.338765,-0.318761,228.729996,171.210007,199.970001,863.000000,172.626,154.005,163.315,594.305,-36.6547,-268.695
4.89488,1.4448,-0.367092,-0.218453,-11.813,-6.02141,1.18127,14.4132,1.39973,5.36929,0,-0.452598,3.2586,-0.340968,-0.347407,202.070007,191.750000,196.910004,863.000000,176.035,156.799,166.417,605.463,-30.493,-257.537
4.91495,1.7189,-0.473202,-0.262581,-11.6819,-5.78798,1.15404,14.4163,1.41662,2.89175,0,-0.467739,3.3184,-0.350011,-0.344413,202.070007,191.750000,196.910004,512.000000,179.581,159.584,169.583,616.141,-27.3273,104.141
4.93489,1.92585,-0.532889,-0.299504,-11.5465,-5.55766,1.12862,14.3789,1.42813,2.89175,0,-0.523367,3.38514,-0.318072,-0.306425,177.130005,147.479996,162.305000,512.000000,181.499,162.946,172.223,628.55,9.91779,116.55
4.95493,2.09273,-0.64949,-0.335919,-11.4077,-5.32957,1.1054,14.2887,1.44132,2.89175,0,-0.454417,3.06246,-0.267234,-0.254857,177.130005,147.479996,162.305000,512.000000,163.461,148.432,155.946,544.445,-6.35863,32.4453
4.9749,2.30118,-0.743267,-0.355977,-11.2825,-5.12917,1.08685,14.2742,1.44283,3.25065,0,-0.212974,3.06919,-0.238368,-0.224262,138.580002,124.379997,131.480000,566.000000,161.887,148.696,155.292,501.575,23.8118,-64.4247
4.99483,2.57956,-0.862256,-0.382196,-11.1468,-4.91687,1.06884,14.3127,1.45104,3.25065,0,-0.205953,3.27725,-0.249423,-0.221067,138.580002,124.379997,131.480000,566.000000,172.328,158.825,165.576,618.169,34.0964,52.169
5.01483,2.78332,-0.946036,-0.398312,-10.9956,-4.68925,1.04964,14.2783,1.44795,3.25065,0,-0.20953,3.5038,-0.25876,-0.261567,153.220001,139.679993,146.449997,566.000000,184.156,169.676,176.916,662.686,30.4661,96.6859
5.03486,3.01928,-1.08203,-0.418655,-10.8306,-4.45177,1.02908,14.254,1.44774,3.56288,0,-0.213135,3.72809,-0.281083,-0.280497,153.220001,139.679993,146.449997,614.000000,195.873,180.597,188.235,705.094,41.785,91.0936
5.05484,3.23424,-1.19956,-0.439234,-10.6517,-4.20603,1.00709,14.2077,1.44632,3.56288,0,-0.267687,3.85465,-0.307223,-0.272732,177.199997,161.850006,169.525002,614.000000,203.224,186.458,194.841,719.281,25.3163,105.281
5.07488,3.49333,-1.35174,-0.463478,-10.459,-3.95558,0.983322,14.1932,1.4468,3.56288,0,-0.297834,3.96693,-0.320404,-0.315287,177.199997,161.850006,169.525002,614.000000,209.696,191.838,200.767,740.449,31.2416,126.449
5.09482,3.72838,-1.49176,-0.485695,-10.256,-3.70587,0.958461,14.1586,1.44416,3.56288,0,-0.26804,4.0786,-0.339983,-0.308376,190.110001,183.580002,186.845001,614.000000,215.952,197.023,206.487,761.26,19.6424,147.26
5.11483,4.07089,-1.70748,-0.514447,-10.0398,-3.45555,0.931394,14.2186,1.44584,4.11399,0,-0.388415,4.08336,-0.383454,-0.34802,190.110001,183.580002,186.845001,709.000000,218.098,197.132,207.615,740.512,20.77,31.5115
5.13482,4.32266,-1.855,-0.545694,-9.81969,-3.22008,0.901852,14.2081,1.44755,4.11399,0,-0.428822,3.98668,-0.40992,-0.391283,205.960007,145.690002,175.825005,709.000000,214.898,192.117,203.508,727.228,27.6825,18.2283
5.15487,4.61143,-2.06479,-0.583484,-9.59491,-2.99867,0.869939,14.237,1.45342,4.11399,0,-0.497773,3.88673,-0.43785,-0.410472,205.960007,145.690002,175.825005,709.000000,210.939,187.14,199.039,708.884,23.2145,-0.115742
5.17481,4.82825,-2.25117,-0.623256,-9.36345,-2.78877,0.835897,14.2019,1.45915,3.70804,0,-0.526918,3.8439,-0.455624,-0.445794,196.729996,174.410004,185.570000,647.000000,210.16,185.149,197.655,708.578,12.0848,61.5778
5.19488,5.02254,-2.43298,-0.658049,-9.12621,-2.59007,0.800862,14.1496,1.45891,3.70804,0,-0.513359,3.8863,-0.477888,-0.445961,196.729996,174.410004,185.570000,647.000000,212.658,186.779,199.718,721.849,14.1484,74.8488
5.21483,5.2581,-2.67107,-0.704899,-8.87542,-2.39538,0.764499,14.1362,1.4694,3.70804,0,-0.531186,3.92997,-0.49057,-0.449404,205.490005,178.220001,191.855003,647.000000,215.393,188.782,202.088,729.907,10.2326,82.9067
5.23486,5.5163,-2.90162,-0.751193,-8.6179,-2.21024,0.728029,14.1511,1.47922,4.60121,0,-0.555329,3.97287,-0.499673,-0.454973,205.490005,178.220001,191.855003,782.000000,218.223,190.626,204.425,737.943,12.5695,-44.0566
5.25481,5.7748,-3.19241,-0.794532,-8.35236,-2.03531,0.690314,14.1745,1.48485,4.60121,0,-0.538736,3.8936,-0.501525,-0.480419,205.490005,178.220001,191.855003,782.000000,214.761,186.846,200.804,710.109,8.94859,-71.891
5.27485,5.95767,-3.44943,-0.838044,-8.08952,-1.87688,0.653217,14.1349,1.49126,4.60121,0,-0.506663,3.61281,-0.467782,-0.434083,205.490005,178.220001,191.855003,782.000000,199.289,173.758,186.524,641.635,-5.33147,-140.365
5.29489,6.13459,-3.71014,-0.883135,-7.84451,-1.7403,0.619671,14.1172,1.50281,3.33378,0,-0.492542,3.33453,-0.41599,-0.395243,182.589996,160.279999,171.434998,588.000000,183.453,160.44,171.947,592.408,0.511688,4.40789
5.31484,6.30397,-3.92476,-0.921254,-7.62023,-1.62249,0.590863,14.1132,1.51212,3.33378,0,-0.436209,3.06244,-0.359032,-0.344425,182.589996,160.279999,171.434998,588.000000,167.289,147.391,157.34,545.401,-14.0952,-42.5987
5.33479,6.32587,-4.04038,-0.94375,-7.39401,-1.5095,0.563842,13.9514,1.50759,3.33378,0,-0.420913,3.2299,-0.352233,-0.336533,166.139999,139.589996,152.864998,588.000000,175.006,155.39,165.198,607.755,12.3328,19.7546
5.35487,6.47138,-4.3046,-0.981335,-7.15011,-1.39291,0.537353,13.9292,1.51869,3.08513,0,-0.371773,3.44428,-0.340529,-0.322652,166.139999,139.589996,152.864998,541.000000,184.48,165.591,175.036,660.957,22.1707,119.957
5.37485,6.59767,-4.55438,-1.01599,-6.88974,-1.27377,0.511718,13.8807,1.52771,3.08513,0,-0.381974,3.72137,-0.344764,-0.337197,181.770004,162.759995,172.264999,541.000000,198.396,179.288,188.842,711.255,16.5767,170.255
5.3948,6.72109,-4.8267,-1.04617,-6.60454,-1.15002,0.485741,13.8236,1.53191,3.08513,0,-0.309768,4.00315,-0.349056,-0.330917,181.770004,162.759995,172.264999,541.000000,212.668,192.932,202.8,764.729,30.5353,223.729
5.41477,6.85211,-5.13736,-1.06832,-6.29682,-1.02404,0.459566,13.7773,1.52789,4.54991,0,-0.299728,4.28523,-0.352948,-0.337525,181.770004,162.759995,172.264999,775.000000,226.418,207.024,216.721,817.852,44.456,42.8523
5.43481,7.02333,-5.50668,-1.09866,-5.96498,-0.899206,0.430904,13.7813,1.52957,4.54991,0,-0.363396,4.533,-0.405906,-0.378384,181.770004,162.759995,172.264999,775.000000,241.813,219.681,230.747,726.501,58.4822,-48.4992
5.45476,7.17156,-5.80738,-1.12774,-5.63005,-0.787297,0.400048,13.7507,1.52779,4.54991,0,-0.44528,4.25752,-0.424361,-0.390483,196.910004,199.169998,198.040001,775.000000,228.578,205.721,217.15,760.103,19.1097,-14.8966
5.47477,7.28931,-6.1428,-1.16526,-5.31201,-0.69498,0.368364,13.7285,1.53362,4.36523,0,-0.480579,4.0018,-0.420679,-0.399586,196.910004,199.169998,198.040001,746.000000,216.41,192.819,204.614,714.46,6.57417,-31.5398
5.49479,7.39575,-6.48918,-1.20398,-5.00826,-0.61956,0.336302,13.7227,1.54028,4.36523,0,-0.476038,3.7417,-0.419222,-0.404207,214.669998,195.860001,205.264999,746.000000,203.639,180.035,191.837,667.572,-13.4277,-78.4275
5.51481,7.48917,-6.82966,-1.24557,-4.7205,-0.55896,0.305164,13.7258,1.55073,4.36523,0,-0.480763,3.54872,-0.407257,-0.404064,214.669998,195.860001,205.264999,746.000000,193.564,170.743,182.154,639.559,-23.1115,-106.441
5.53483,7.59515,-7.16552,-1.2849,-4.44793,-0.511359,0.274859,13.7591,1.55976,3.5383,0,-0.485473,3.35854,-0.405439,-0.375573,196.759995,166.160004,181.459999,625.000000,183.619,161.596,172.608,605.107,-8.85231,-19.8932
5.5549,7.62265,-7.41445,-1.32333,-4.18627,-0.474275,0.245359,13.6973,1.56869,3.5383,0,-0.480332,3.22192,-0.387969,-0.356961,196.759995,166.160004,181.459999,625.000000,174.883,153.989,164.436,634.799,-17.0241,9.79858
5.57484,7.667,-7.74149,-1.36952,-3.92646,-0.444405,0.216761,13.6988,1.58628,3.5383,0,-0.473521,3.33729,-0.386047,-0.361494,185.509995,160.570007,173.040001,625.000000,181.52,160.393,170.956,623.884,-2.08357,-1.11616
5.59483,7.6811,-8.00799,-1.40226,-3.65422,-0.420293,0.187687,13.6405,1.58994,3.5383,0,-0.448604,3.44581,-0.394254,-0.355364,185.509995,160.570007,173.040001,625.000000,187.235,165.454,176.345,644.78,3.30467,19.7803
5.61496,7.70329,-8.34579,-1.44031,-3.37281,-0.402672,0.158552,13.6299,1.59886,3.94937,0,-0.456627,3.44905,-0.388046,-0.349352,185.509995,160.570007,173.040001,683.000000,186.99,165.861,176.425,636.036,3.38535,-46.9645
5.63484,7.6872,-8.63165,-1.47587,-3.09811,-0.393066,0.130357,13.5719,1.60622,3.94937,0,-0.485977,3.4169,-0.37281,-0.36279,185.509995,160.570007,173.040001,683.000000,185.003,164.502,174.753,628.028,1.71281,-54.9725
5.65478,7.71039,-8.93291,-1.51206,-2.82317,-0.390882,0.102407,13.5618,1.61447,3.94937,0,-0.478733,3.38525,-0.365687,-0.345887,185.509995,160.570007,173.040001,683.000000,183.16,162.917,173.038,622.166,-0.00168186,-60.8344
5.67476,7.69569,-9.25889,-1.55012,-2.5536,-0.395835,0.0753857,13.55,1.6255,3.94937,0,-0.457821,3.35496,-0.348562,-0.33942,185.509995,160.570007,173.040001,676.000000,181.346,161.365,171.356,616.512,-1.68442,-59.4884
5.69479,7.66334,-9.5167,-1.58267,-2.28378,-0.407184,0.0491206,13.4881,1.63179,3.92196,0,-0.448789,3.32542,-0.346437,-0.319388,196.259995,170.350006,183.305000,676.000000,179.18,160.105,169.643,613.598,-13.6624,-62.4019
5.71477,7.62473,-9.86446,-1.62167,-2.01917,-0.424669,0.0237947,13.495,1.64547,3.92196,0,-0.424655,3.30608,-0.345094,-0.309524,196.259995,170.350006,183.305000,676.000000,177.977,159.244,168.61,608.379,-14.6946,-67.6208
5.73474,7.57627,-10.1605,-1.65638,-1.75659,-0.448563,-0.00136137,13.4693,1.65502,3.90436,0,-0.410587,3.28604,-0.344584,-0.307297,192.279999,164.889999,178.584999,676.000000,176.896,158.298,167.597,604.685,-10.988,-71.3152
5.7548,7.54341,-10.4791,-1.69079,-1.49566,-0.478896,-0.0263937,13.4799,1.66439,3.90436,0,-0.419389,3.27089,-0.338311,-0.303256,192.279999,164.889999,178.584999,676.000000,175.878,157.582,166.73,602.251,-11.8547,-73.749
5.77483,7.47252,-10.7416,-1.72207,-1.23141,-0.516091,-0.051509,13.4283,1.67056,3.90436,0,-0.405994,3.2581,-0.330075,-0.306034,192.279999,164.889999,178.584999,676.000000,175.128,156.954,166.041,599.97,-12.5441,-76.0298
5.79475,7.40209,-11.0171,-1.75157,-0.974907,-0.558537,-0.0758747,13.3998,1.67569,3.90436,0,-0.388427,3.24481,-0.334931,-0.300269,192.279999,164.889999,178.584999,676.000000,174.307,156.41,165.358,597.646,-13.2267,-78.3537
5.8148,7.33534,-11.3489,-1.78762,-0.719943,-0.607345,-0.100454,13.4264,1.68717,3.90436,0,-0.415277,3.23047,-0.33174,-0.319959,190.320007,166.960007,178.640007,676.000000,174.009,155.572,164.791,594.964,-13.8493,-81.0359
5.83479,7.20576,-11.588,-1.81922,-0.467441,-0.662708,-0.125374,13.3506,1.69385,3.90436,0,-0.414874,3.21544,-0.339157,-0.320964,190.320007,166.960007,178.640007,676.000000,173.408,154.856,164.132,592.196,-14.5083,-83.8039
5.85476,7.12407,-11.8889,-1.8538,-0.217469,-0.724039,-0.150036,13.3623,1.70376,3.39016,0,-0.407772,3.24906,-0.329485,-0.309463,190.059998,167.110001,178.584999,592.000000,174.291,156,165.145,612.444,-13.4396,20.4445
5.87472,7.02641,-12.0923,-1.88274,0.0438011,-0.794076,-0.175208,13.2818,1.70753,3.39016,0,-0.388463,3.4184,-0.334701,-0.319831,190.059998,167.110001,178.584999,592.000000,183.19,164.636,173.913,642.933,-4.67188,50.9334
5.89478,6.93218,-12.3687,-1.91525,0.314226,-0.873135,-0.200724,13.2645,1.71453,3.39016,0,-0.356799,3.58837,-0.340989,-0.318288,198.160004,182.160004,190.160004,592.000000,191.866,172.88,182.373,674.912,-7.78708,82.9117
5.91485,6.74713,-12.7162,-1.94863,0.594534,-0.962848,-0.227275,13.2663,1.72136,4.28041,0,-0.403467,3.75555,-0.357746,-0.339232,198.160004,182.160004,190.160004,735.000000,200.832,180.986,190.909,706.599,0.748674,-28.4013
5.9347,6.56872,-13.0507,-1.98303,0.880343,-1.06421,-0.255536,13.2678,1.72749,4.28041,0,-0.419568,3.73294,-0.385621,-0.36745,242.529999,188.710007,215.620003,735.000000,201.352,180.378,190.865,667.63,-24.7549,-67.3701
5.95482,6.42725,-13.3585,-2.02125,1.15489,-1.1723,-0.284534,13.2778,1.73671,4.28041,0,-0.494725,3.57439,-0.395196,-0.356257,242.529999,188.710007,215.620003,735.000000,193.713,172.073,182.893,647.072,-32.7267,-87.9281
5.97477,6.25609,-13.6393,-2.057,1.41421,-1.28493,-0.313699,13.2693,1.7433,3.98502,0,-0.467475,3.41526,-0.388434,-0.369194,207.300003,181.899994,194.599998,691.000000,185.783,164.377,175.08,618.246,-19.5198,-72.7538
5.99473,6.07256,-13.8942,-2.09753,1.65537,-1.39938,-0.342405,13.2526,1.75513,3.98502,0,-0.512865,3.30929,-0.378318,-0.36594,207.300003,181.899994,194.599998,691.000000,180.414,159.244,169.829,607.8,-24.771,-83.1998
6.01479,5.86543,-14.1627,-2.14053,1.89163,-1.51976,-0.370811,13.2527,1.76972,3.98502,0,-0.492095,3.26148,-0.380667,-0.351392,203.850006,174.259995,189.055000,691.000000,177.593,156.805,167.199,598.545,-21.8563,-92.4547
6.03472,5.6993,-14.4117,-2.17795,2.12201,-1.64532,-0.398777,13.2581,1.77917,3.98502,0,-0.493791,3.21444,-0.370054,-0.344468,203.850006,174.259995,189.055000,691.000000,175.112,154.427,164.77,589.763,-24.2854,-101.237
6.0547,5.52052,-14.6017,-2.21387,2.34569,-1.77526,-0.426214,13.2135,1.78765,3.66323,0,-0.465253,3.25821,-0.37398,-0.340381,196.539993,171.279999,183.909996,643.000000,176.975,156.765,166.87,604.4,-17.0399,-38.6004
6.07474,5.29906,-14.8079,-2.25415,2.56935,-1.91266,-0.453464,13.181,1.80068,3.66323,0,-0.517753,3.32735,-0.357388,-0.34767,196.539993,171.279999,183.909996,643.000000,180.142,159.956,170.049,618.869,-13.861,-24.1312
6.09474,5.05338,-15.0723,-2.2977,2.79776,-2.06048,-0.480721,13.2059,1.81698,3.66323,0,-0.460298,3.39677,-0.359717,-0.329683,200.350006,174.559998,187.455002,643.000000,183.169,163.496,173.332,631.652,-14.1226,-11.3479
6.11472,4.83343,-15.3101,-2.33681,3.02338,-2.21416,-0.507234,13.2205,1.82957,3.97077,0,-0.491062,3.41249,-0.347686,-0.341793,200.350006,174.559998,187.455002,687.000000,183.728,164.474,174.101,623.193,-13.354,-63.8068
6.13468,4.61916,-15.4681,-2.36381,3.24462,-2.37343,-0.533624,13.1666,1.83019,3.97077,0,-0.475663,3.3742,-0.345172,-0.32673,205.419998,174.360001,189.889999,687.000000,181.832,162.468,172.15,619.534,-17.74,-67.4655
6.15471,4.3504,-15.6853,-2.40171,3.45961,-2.53681,-0.559698,13.1786,1.84201,3.97077,0,-0.449446,3.33639,-0.337428,-0.331569,205.419998,174.360001,189.889999,687.000000,179.782,160.684,170.233,612.602,-19.657,-74.3979
6.17468,4.03369,-15.9304,-2.44377,3.6701,-2.70595,-0.585972,13.2294,1.8578,4.05906,0,-0.443668,3.28142,-0.342599,-0.318883,201.419998,172.460007,186.940002,702.000000,177.201,157.942,167.571,599.135,-19.3687,-102.865
6.19468,3.80161,-16.1186,-2.47651,3.86883,-2.87524,-0.612,13.2435,1.86451,4.05906,0,-0.425159,3.20904,-0.337121,-0.333654,201.419998,172.460007,186.940002,702.000000,173.552,154.512,164.032,586.907,-22.9077,-115.093
6.21475,3.53081,-16.2484,-2.51222,4.05842,-3.04596,-0.637828,13.213,1.87439,4.05906,0,-0.453367,3.13685,-0.338111,-0.328934,193.649994,180.039993,186.844994,702.000000,169.729,151.014,160.371,574.021,-26.4737,-127.979
6.2347,3.26599,-16.3814,-2.54758,4.23987,-3.21779,-0.663,13.1996,1.88458,4.05906,0,-0.414057,3.06603,-0.339631,-0.306809,193.649994,180.039993,186.844994,702.000000,165.98,147.595,156.787,561,-30.0579,-141
6.2547,2.99959,-16.555,-2.58072,4.41104,-3.38838,-0.687497,13.242,1.89322,4.05906,0,-0.43365,2.99577,-0.328463,-0.311826,199.580002,159.949997,179.764999,702.000000,162.286,144.205,153.245,548.155,-26.5196,-153.845
6.27472,2.90468,-16.5849,-2.59468,4.57572,-3.561,-0.711888,13.1307,1.8828,4.05906,0,-0.389574,2.92496,-0.322346,-0.303777,199.580002,159.949997,179.764999,702.000000,158.595,140.738,149.666,535.137,-30.0988,-166.863
6.29476,2.54019,-16.7618,-2.64528,4.73405,-3.73466,-0.735588,13.2106,1.90969,3.14299,0,-0.38711,2.94962,-0.309486,-0.28998,199.580002,159.949997,179.764999,555.000000,158.638,141.513,150.076,560.319,-29.6893,5.3186
6.31472,2.28487,-16.8601,-2.6793,4.89756,-3.92038,-0.75911,13.2008,1.92019,3.14299,0,-0.366754,3.20445,-0.318342,-0.293131,207.570007,131.630005,169.600006,555.000000,171.667,154.287,162.977,609.886,-6.62305,54.8862
6.33471,2.05378,-16.9711,-2.70784,5.06927,-4.12312,-0.783263,13.1971,1.92458,3.14299,0,-0.350586,3.45879,-0.328605,-0.323967,207.570007,131.630005,169.600006,555.000000,184.991,166.512,175.751,658.868,6.15136,103.868
6.35468,1.91314,-17.006,-2.71576,5.25099,-4.34792,-0.809037,13.0907,1.90672,4.08032,0,-0.304334,3.70255,-0.345298,-0.337326,179.419998,162.399994,170.909996,702.000000,198.203,178.966,188.584,620.237,17.6744,-81.7627
6.37467,1.43296,-17.193,-2.76017,5.42868,-4.58105,-0.835827,13.2298,1.92434,4.08032,0,-0.445452,3.60902,-0.358755,-0.343256,179.419998,162.399994,170.909996,702.000000,194.361,173.906,184.133,659.032,13.2235,-42.9676
6.39472,1.07058,-17.2899,-2.80353,5.59343,-4.81348,-0.863575,13.2709,1.93996,4.08032,0,-0.443674,3.52571,-0.37984,-0.351771,204.220001,181.770004,192.995003,702.000000,190.49,169.831,180.161,644.356,-12.8342,-57.6435
6.41472,0.766544,-17.3907,-2.83866,5.74967,-5.05023,-0.89255,13.3086,1.94611,4.36579,0,-0.438377,3.44199,-0.385901,-0.368659,204.220001,181.770004,192.995003,746.000000,186.8,165.729,176.265,628.94,-16.7304,-117.06
6.43471,0.443758,-17.4484,-2.87395,5.89258,-5.28365,-0.921865,13.3293,1.95208,4.36579,0,-0.467992,3.32094,-0.380019,-0.374104,198.759995,173.539993,186.149994,746.000000,181.14,159.667,170.404,606.188,-15.7464,-139.812
6.45468,0.213606,-17.421,-2.90718,6.02153,-5.50858,-0.94954,13.2529,1.95764,4.36579,0,-0.471174,3.13799,-0.352841,-0.326119,198.759995,173.539993,186.149994,746.000000,170.454,151.034,160.744,566.127,-25.406,-179.873
6.47468,-0.134591,-17.5298,-2.94505,6.13923,-5.72468,-0.974837,13.3687,1.97021,4.36579,0,-0.420838,2.95391,-0.320095,-0.30766,183.770004,156.919998,170.345001,566.000000,160.222,142.148,151.185,533.105,-19.1601,-32.8951
6.49471,-0.341699,-17.527,-2.97862,6.24365,-5.92866,-0.99858,13.3375,1.98004,3.22565,0,-0.382053,2.81415,-0.314462,-0.29098,183.770004,156.919998,170.345001,566.000000,151.463,134.3,142.882,613.583,-27.4633,47.5826
6.51477,-0.608095,-17.5424,-3.01157,6.34758,-6.14373,-1.02307,13.3533,1.9885,3.22565,0,-0.381312,3.05514,-0.335673,-0.309003,162.490005,178.270004,170.380005,566.000000,165.092,146.655,155.874,581.712,-14.5062,15.7124
6.5347,-0.854891,-17.5713,-3.03884,6.45248,-6.37327,-1.0482,13.3713,1.99064,3.22565,0,-0.35219,3.27777,-0.346231,-0.32188,162.490005,178.270004,170.380005,566.000000,176.583,157.677,167.13,621.847,-3.25009,55.8466
6.55474,-1.14431,-17.574,-3.07069,6.5594,-6.62276,-1.07475,13.3894,1.99594,3.25133,0,-0.395906,3.49312,-0.3586,-0.343252,166.399994,148.699997,157.549995,566.000000,188.076,167.963,178.02,661.999,20.4697,95.9988
6.57471,-1.37542,-17.5513,-3.09825,6.66691,-6.89404,-1.1033,13.3513,1.99494,3.25133,0,-0.361425,3.70823,-0.384553,-0.35523,166.399994,148.699997,157.549995,566.000000,199.627,178.291,188.959,702.785,31.4091,136.785
6.59472,-1.68945,-17.5372,-3.13135,6.77184,-7.18153,-1.13276,13.3729,1.99859,3.25133,0,-0.452721,3.92137,-0.406454,-0.375606,188.850006,168.600006,178.725006,566.000000,210.911,188.611,199.761,743.403,21.0363,177.403
6.61481,-2.10531,-17.5029,3.11598,6.87267,-7.49268,-1.16606,13.4465,2.00114,4.28971,0,-0.396606,4.05286,-0.457845,-0.448509,188.850006,168.600006,178.725006,727.000000,221.702,195.813,208.758,707.964,30.0327,-19.0355
6.63475,-2.43762,-17.4886,3.0783,6.95813,-7.79937,-1.20058,13.4967,2.0043,4.28971,0,-0.575912,3.88282,-0.46686,-0.443312,212.589996,185.190002,198.889999,727.000000,212.739,186.507,199.623,701.875,0.733157,-25.1246
6.65475,-2.74119,-17.4326,3.03693,7.02853,-8.09689,-1.23507,13.5131,2.01119,4.28971,0,-0.520754,3.71646,-0.447624,-0.435833,212.589996,185.190002,198.889999,727.000000,203.496,178.798,191.147,671.828,-7.7429,-55.1718
6.67479,-3.00339,-17.3613,2.99923,7.08624,-8.3837,-1.26809,13.5054,2.01586,3.45726,0,-0.528373,3.56421,-0.425803,-0.391561,206.610001,169.149994,187.879997,614.000000,194.25,171.033,182.641,719.924,-5.23859,105.924
6.69482,-3.23024,-17.2929,2.96549,7.13634,-8.6743,-1.30011,13.4813,2.01759,3.45726,0,-0.523243,3.71673,-0.416299,-0.396791,206.610001,169.149994,187.879997,614.000000,201.744,178.484,190.114,698.979,2.23392,84.9788
6.71486,-3.57667,-17.2222,2.9169,7.17953,-8.97436,-1.33172,13.5544,2.03457,3.45726,0,-0.443998,3.85545,-0.425507,-0.386664,197.009995,171.679993,184.344994,614.000000,208.769,185.293,197.031,723.856,12.6858,109.856
6.73489,-3.90238,-17.1063,2.8828,7.21582,-9.28892,-1.36377,13.5914,2.03662,4.78682,0,-0.410713,3.9944,-0.437352,-0.405428,197.009995,171.679993,184.344994,815.000000,215.981,192.079,204.03,750.115,19.6851,-64.8854
6.7549,-4.33171,-16.9429,2.84185,7.242,-9.61351,-1.39724,13.6993,2.04409,4.78682,0,-0.535812,4.12816,-0.465922,-0.429422,217.960007,185.899994,201.930000,815.000000,223.935,198.396,211.166,744.246,9.23575,-70.7542
6.77485,-4.53769,-16.8376,2.80998,7.25663,-9.93307,-1.43063,13.6667,2.04257,4.78682,0,-0.462573,3.78365,-0.423717,-0.395758,217.960007,185.899994,201.930000,815.000000,205.639,182.305,193.972,666.398,-7.95779,-148.602
6.79493,-4.85951,-16.721,2.77724,7.26053,-10.2244,-1.46111,13.7514,2.04484,3.30051,0,-0.414486,3.44383,-0.384062,-0.351381,1018.739990,185.899994,602.319992,581.000000,187.15,165.908,176.529,606.28,-425.791,25.2795
6.8149,-5.04909,-16.5757,2.73572,7.25691,-10.4896,-1.4883,13.7287,2.05916,3.30051,0,-0.389865,3.10507,-0.334465,-0.305148,1018.739990,185.899994,602.319992,581.000000,168.146,149.599,158.872,547.625,-443.447,-33.3747
6.83492,-5.29551,-16.465,2.70304,7.249,-10.741,-1.51233,13.7887,2.06781,3.30051,0,-0.396835,3.26133,-0.326566,-0.293437,166.779999,185.899994,176.339996,581.000000,175.44,157.192,166.316,610.646,-10.0243,29.6459
6.85491,-5.53336,-16.3144,2.67439,7.23547,-11.0125,-1.53678,13.8258,2.07201,3.30051,0,-0.30339,3.46397,-0.330836,-0.304856,166.779999,185.899994,176.339996,515.000000,185.204,166.784,175.994,654.671,-0.346088,139.671
6.87492,-5.69878,-16.1949,2.6485,7.21497,-11.2991,-1.5619,13.8106,2.07279,2.96035,0,-0.333549,3.73722,-0.337443,-0.343866,168.300003,185.899994,177.099998,515.000000,198.842,180.109,189.476,721.176,12.3758,206.176
6.89498,-5.93085,-16.0409,2.62389,7.18516,-11.6135,-1.58867,13.8431,2.07063,2.96035,0,-0.3194,4.06431,-0.367326,-0.332396,168.300003,185.899994,177.099998,515.000000,215.769,196.058,205.913,781.838,28.8134,266.838
6.91501,-6.21092,-15.8411,2.59172,7.14446,-11.9513,-1.61684,13.9103,2.07463,4.30158,0,-0.403565,4.3881,-0.387845,-0.352415,192.190002,185.899994,189.044998,731.000000,232.948,211.5,222.224,844.382,33.1789,113.382
6.93497,-6.51289,-15.6497,2.56317,7.09006,-12.31,-1.64737,14.0069,2.07264,4.30158,0,-0.376529,4.59841,-0.434557,-0.411292,192.190002,185.899994,189.044998,731.000000,247.413,223.022,235.217,812.837,46.1721,81.8371
6.95502,-6.7384,-15.4795,2.5361,7.0203,-12.6674,-1.68133,14.0431,2.06576,4.30158,0,-0.447283,4.42845,-0.469475,-0.431258,218.720001,185.899994,202.309998,731.000000,238.997,213.396,226.197,801.183,23.8868,70.183
6.97501,-7.13639,-15.1547,2.48153,6.93885,-13.0044,-1.7168,14.2385,2.08486,4.49306,0,-0.530122,4.25772,-0.489367,-0.454299,218.720001,185.899994,202.309998,768.000000,231.612,204.997,218.304,769.181,15.9943,1.1814
6.99509,-7.3883,-14.9039,2.44395,6.84411,-13.3297,-1.75436,14.3192,2.08488,4.49306,0,-0.556502,4.07959,-0.50715,-0.472249,225.429993,196.320007,210.875000,768.000000,223.949,196.147,210.048,736.093,-0.827182,-31.9069
7.01506,-7.6791,-14.6479,2.39507,6.74118,-13.6321,-1.79189,14.456,2.09622,4.49306,0,-0.588054,3.85132,-0.503231,-0.468239,225.429993,196.320007,210.875000,768.000000,212.509,185.254,198.882,687.583,-11.9931,-80.4171
7.03501,-7.87109,-14.4102,2.35572,6.63261,-13.9124,-1.8285,14.5122,2.09897,4.49306,0,-0.549836,3.60684,-0.478963,-0.444519,225.429993,196.320007,210.875000,768.000000,199.568,173.355,186.462,643.846,-24.4134,-124.154
7.05505,-8.00168,-14.2156,2.31428,6.52179,-14.1704,-1.86288,14.5235,2.10603,3.41043,0,-0.512952,3.36785,-0.424177,-0.40107,225.429993,196.320007,210.875000,768.000000,185.525,161.96,173.742,601.713,-37.1327,-166.287
7.07508,-8.10795,-14.0271,2.27996,6.40951,-14.4143,-1.89394,14.5226,2.10928,3.41043,0,-0.504709,3.38524,-0.411185,-0.380666,182.270004,144.389999,163.330002,768.000000,184.442,162.045,173.243,647.276,9.91313,-120.724
7.09514,-8.26585,-13.7666,2.23594,6.28576,-14.6681,-1.9244,14.5795,2.12284,3.41043,0,-0.408451,3.5461,-0.392282,-0.383392,182.270004,144.389999,163.330002,768.000000,192.288,170.432,181.36,667.437,18.03,-100.563
7.11512,-8.40855,-13.5213,2.20024,6.15379,-14.9251,-1.95316,14.6298,2.12978,3.59357,0,-0.438807,3.67982,-0.371219,-0.352769,184.089996,159.380005,171.735001,768.000000,197.95,176.905,187.428,688.472,15.6926,-79.5279
7.13509,-8.57054,-13.2907,2.16597,6.01001,-15.1908,-1.98129,14.7038,2.13592,3.59357,0,-0.480514,3.77804,-0.366776,-0.342618,184.089996,159.380005,171.735001,768.000000,202.207,182.113,192.16,704.508,20.4247,-63.4925
7.15512,-8.73346,-12.9862,2.12527,5.85813,-15.4568,-2.0085,14.7993,2.14942,3.59357,0,-0.406368,3.87608,-0.363,-0.337457,192.570007,167.339996,179.955002,768.000000,207.24,186.669,196.954,723.03,16.9992,-44.9698
7.17512,-8.84244,-12.733,2.09811,5.69637,-15.7247,-2.03545,14.8434,2.14962,4.08661,0,-0.385192,3.97397,-0.369546,-0.33642,192.570007,167.339996,179.955002,768.000000,211.82,191.719,201.77,741.241,21.8147,-26.7592
7.19516,-9.01806,-12.3795,2.06247,5.52157,-15.9982,-2.06287,14.9832,2.15784,4.08661,0,-0.412005,4.07366,-0.372622,-0.338702,200.770004,180.320007,190.545006,768.000000,216.722,196.689,206.705,759.691,16.1603,-8.30912
7.21521,-9.12912,-12.1041,2.03446,5.3358,-16.2718,-2.09087,15.0534,2.15786,4.08661,0,-0.36681,4.03548,-0.367416,-0.352087,200.770004,180.320007,190.545006,768.000000,215.304,194.698,205.001,739.286,14.4557,-28.714
7.23518,-9.27195,-11.8065,2.00047,5.14989,-16.5293,-2.11819,15.1754,2.16453,3.55866,0,-0.400982,3.95895,-0.375992,-0.344231,193.979996,177.330002,185.654999,768.000000,211.688,191.017,201.353,723.504,15.6978,-44.496
7.25524,-9.32976,-11.603,1.97687,4.95281,-16.7855,-2.14669,15.1938,2.15962,3.55866,0,-0.414534,4.06418,-0.387892,-0.359189,193.979996,177.330002,185.654999,768.000000,217.025,195.99,206.508,759.799,20.8526,-8.20099
7.27519,-9.45491,-11.2315,1.9397,4.74423,-17.0406,-2.17598,15.3415,2.1675,3.55866,0,-0.409337,4.17134,-0.403258,-0.37518,192.130005,161.750000,176.940002,768.000000,223.11,201.063,212.086,779.376,35.1465,11.3764
7.29523,-9.51663,-10.9421,1.9097,4.51771,-17.3008,-2.20692,15.4077,2.16656,3.69531,0,-0.373029,4.27779,-0.411773,-0.394902,192.130005,161.750000,176.940002,768.000000,229.108,206.221,217.665,786.524,40.7245,18.5243
7.31523,-9.61576,-10.6455,1.87542,4.28363,-17.5527,-2.2383,15.5211,2.16947,3.69531,0,-0.455097,4.33336,-0.429433,-0.398358,190.520004,187.720001,189.120003,768.000000,232.478,208.749,220.613,804.936,31.4931,36.9355
7.33522,-9.67382,-10.3529,1.84511,4.03516,-17.8024,-2.27103,15.6023,2.16705,3.69531,0,-0.406781,4.38954,-0.45296,-0.412536,190.520004,187.720001,189.120003,768.000000,236.02,211.388,223.704,815.563,34.584,47.5627
7.35523,-9.74156,-9.99981,1.8077,3.77663,-18.0439,-2.30493,15.7305,2.17055,4.71602,0,-0.455535,4.44459,-0.464169,-0.433944,212.190002,179.860001,196.025002,804.000000,239.289,214.065,226.677,825.735,30.652,21.7355
7.3753,-9.81607,-9.55181,1.77024,3.50618,-18.2775,-2.34073,15.9254,2.17222,4.71602,0,-0.499496,4.4934,-0.504407,-0.471814,212.190002,179.860001,196.025002,804.000000,243.939,215.919,229.929,835.243,33.9041,31.2426
7.39528,-9.83367,-9.26018,1.73288,3.22354,-18.4989,-2.38021,15.9951,2.1701,4.71602,0,-0.506347,4.32461,-0.536624,-0.498114,216.750000,188.110001,202.430000,804.000000,237.356,208.289,222.822,757.277,20.3921,-46.7231
7.41529,-9.85309,-8.87094,1.68387,2.94783,-18.6935,-2.42033,16.1353,2.17899,3.30147,0,-0.552466,3.99403,-0.526517,-0.487649,216.750000,188.110001,202.430000,585.000000,220.746,192.201,206.474,702.26,4.04352,117.26
7.43534,-9.87626,-8.6204,1.64295,2.68719,-18.8618,-2.45788,16.2088,2.18235,3.30147,0,-0.502342,3.67304,-0.467745,-0.440614,197.190002,170.740005,183.965004,585.000000,202.582,176.568,189.575,646.727,5.60992,61.7273
7.45536,-9.84055,-8.40325,1.60558,2.43984,-19.0114,-2.49116,16.2278,2.18644,3.30147,0,-0.51553,3.61502,-0.438609,-0.399138,197.190002,170.740005,183.965004,585.000000,197.647,174.124,185.885,676.974,1.9203,91.9742
7.47536,-9.81211,-8.1556,1.57307,2.18189,-19.1592,-2.52294,16.2768,2.18718,3.30147,0,-0.465376,3.81007,-0.422138,-0.40278,180.139999,125.730003,152.935001,585.000000,206.316,183.112,194.714,721.401,41.779,136.401
7.49542,-9.77705,-7.84703,1.53365,1.90317,-19.3095,-2.5549,16.3651,2.19463,3.45422,0,-0.416563,3.97426,-0.417075,-0.396675,180.139999,125.730003,152.935001,607.000000,214.456,191.185,202.82,745.609,49.8854,138.609
7.51538,-9.72067,-7.55529,1.49709,1.61376,-19.4561,-2.58602,16.4347,2.20008,3.45422,0,-0.44273,4.11959,-0.403839,-0.386744,195.710007,164.669998,180.190002,607.000000,220.921,198.359,209.64,773.284,29.4499,166.284
7.53543,-9.70391,-7.36126,1.472,1.31028,-19.6009,-2.61616,16.4657,2.19502,3.45422,0,-0.433254,4.26608,-0.395351,-0.39407,195.710007,164.669998,180.190002,607.000000,227.792,205.698,216.745,800.721,36.5553,193.721
7.55546,-9.61568,-6.93007,1.42673,0.992707,-19.7416,-2.64656,16.6335,2.20989,3.82277,0,-0.428014,4.3385,-0.414006,-0.370115,200.190002,194.429993,197.309998,662.000000,231.723,209.504,220.614,798.632,23.3035,136.632
7.5754,-9.52881,-6.5811,1.38772,0.671477,-19.8723,-2.67698,16.7542,2.21849,3.82277,0,-0.469464,4.3536,-0.41142,-0.379102,200.190002,194.429993,197.309998,662.000000,232.717,209.961,221.339,804.235,24.0289,142.235
7.59549,-9.43405,-6.27027,1.35518,0.338096,-19.9955,-2.70858,16.8487,2.21943,3.82277,0,-0.423237,4.36831,-0.413194,-0.393277,214.449997,191.419998,202.934998,662.000000,233.847,210.556,222.201,806.967,19.2663,144.967
7.61544,-9.37787,-6.03015,1.32599,0.00545749,-20.1068,-2.73967,16.9175,2.21753,3.82277,0,-0.48034,4.38418,-0.411153,-0.387808,214.449997,191.419998,202.934998,662.000000,234.263,211.512,222.888,809.931,19.9526,147.931
7.63545,-9.24558,-5.63844,1.28361,-0.331666,-20.2082,-2.77083,17.0803,2.22875,3.82277,0,-0.377957,4.39772,-0.423426,-0.404799,214.449997,191.419998,202.934998,662.000000,235.408,212.058,223.733,812.663,20.7982,150.663
7.65547,-9.11675,-5.32528,1.24811,-0.673693,-20.2986,-2.80287,17.1897,2.2322,3.82277,0,-0.480913,4.41062,-0.441967,-0.405049,214.449997,191.419998,202.934998,662.000000,236.631,212.561,224.596,815.09,21.6609,153.09
7.67546,-8.94972,-4.96504,1.21273,-1.01833,-20.3766,-2.83596,17.3327,2.2345,4.62714,0,-0.403649,4.42137,-0.45842,-0.422033,219.029999,189.940002,204.485001,797.000000,237.908,212.979,225.443,817.026,20.9584,20.0257
7.69553,-8.82492,-4.64687,1.18035,-1.3705,-20.4415,-2.87143,17.4653,2.23141,4.62714,0,-0.45048,4.39665,-0.488157,-0.453516,219.029999,189.940002,204.485001,797.000000,239.022,212.517,225.769,735.65,21.2845,-61.3503
7.71549,-8.59741,-4.26847,1.12978,-1.70662,-20.4882,-2.90775,17.6228,2.24566,4.62714,0,-0.530612,4.09296,-0.493556,-0.458775,211.399994,183.720001,197.559998,797.000000,223.927,197.068,210.498,725.222,12.9378,-71.7777
7.73553,-8.46199,-3.99438,1.09008,-2.02671,-20.5186,-2.94412,17.7331,2.24898,3.17006,0,-0.499908,3.80549,-0.467159,-0.44403,211.399994,183.720001,197.559998,566.000000,208.839,183.067,195.953,674.434,-1.60711,108.434
7.75554,-8.34825,-3.88897,1.05987,-2.3215,-20.5372,-2.97678,17.7055,2.24654,3.17006,0,-0.463626,3.52758,-0.406986,-0.375099,211.399994,183.720001,197.559998,566.000000,192.131,169.647,180.889,693.742,-16.6711,127.742
7.77552,-8.15004,-3.59817,1.0162,-2.61762,-20.5487,-3.00745,17.8306,2.25954,3.17006,0,-0.432758,3.78427,-0.413795,-0.377764,211.399994,183.720001,197.559998,566.000000,204.602,181.715,193.158,721.364,-4.40161,155.364
7.79561,-7.96527,-3.37469,0.989783,-2.9329,-20.5529,-3.03866,17.9001,2.25474,4.26595,0,-0.356712,4.02778,-0.420332,-0.412044,104.330002,89.930000,97.130001,738.000000,216.967,193.693,205.33,767.892,108.2,29.8921
7.81563,-7.74831,-3.09789,0.959007,-3.26007,-20.5465,-3.07126,18.0167,2.25292,4.26595,0,-0.446786,4.03282,-0.438505,-0.419244,104.330002,89.930000,97.130001,738.000000,218.768,194.622,206.695,720.204,109.565,-17.7962
7.83562,-7.58441,-2.87208,0.926185,-3.5785,-20.5283,-3.10447,18.1049,2.25253,4.26595,0,-0.524576,3.87526,-0.442871,-0.412531,203.919998,179.110001,191.514999,738.000000,211.007,186.381,198.694,701.16,7.17899,-36.84
7.85564,-7.33425,-2.60984,0.882361,-3.88045,-20.4997,-3.13714,18.2202,2.26368,4.19318,0,-0.463021,3.72026,-0.438551,-0.411176,203.919998,179.110001,191.514999,695.000000,203.098,178.96,191.029,673.177,-0.486302,-21.8227
7.87564,-7.08431,-2.37381,0.841483,-4.17071,-20.4612,3.11309,18.3205,2.27161,4.19318,0,-0.48352,3.57082,-0.445155,-0.405782,198.600006,170.139999,184.370003,695.000000,195.683,171.792,183.738,646.398,-0.632438,-48.6024
7.89568,-6.8427,-2.17332,0.797914,-4.45247,-20.4133,3.08009,18.3959,2.28218,4.19318,0,-0.510619,3.43779,-0.421323,-0.411093,198.600006,170.139999,184.370003,695.000000,188.742,165.242,176.992,624.107,-7.37807,-70.8932
7.91569,-6.61352,-1.9473,0.759167,-4.71924,-20.3599,3.04928,18.5097,2.29012,3.43348,0,-0.49956,3.3124,-0.391705,-0.367113,191.660004,164.110001,177.885002,603.000000,180.967,159.232,170.099,601.718,-7.78573,-1.28219
7.93565,-6.42115,-1.81744,0.720988,-4.97412,-20.3025,3.02116,18.5416,2.30018,3.43348,0,-0.452873,3.19226,-0.352184,-0.336122,191.660004,164.110001,177.885002,603.000000,173.122,153.625,163.373,598.788,-14.5117,-4.21161
7.95576,-6.30903,-1.77591,0.70291,-5.23262,-20.2398,2.99527,18.4953,2.29236,3.43348,0,-0.436569,3.35465,-0.323833,-0.302158,179.440002,157.000000,168.220001,603.000000,179.837,161.28,170.559,631.636,2.3387,28.6359
7.97581,-5.96344,-1.53644,0.654433,-5.49878,-20.1717,2.97155,18.641,2.31711,3.43348,0,-0.357699,3.51236,-0.313899,-0.300047,179.440002,157.000000,168.220001,603.000000,186.609,169.592,178.1,659.602,9.88049,56.6018
7.99568,-5.70812,-1.34674,0.624196,-5.77292,-20.097,2.949,18.7504,2.3248,3.9389,0,-0.356491,3.67058,-0.29937,-0.294948,241.270004,163.039993,202.154999,680.000000,194.305,177.279,185.792,689.182,-16.363,9.18222
8.01575,-5.48118,-1.22474,0.600289,-6.06531,-20.0117,2.92621,18.796,2.32592,3.9389,0,-0.418221,3.77864,-0.30255,-0.268062,241.270004,163.039993,202.154999,680.000000,199.465,182.912,191.188,707.121,-10.9667,27.1212
8.03579,-5.14831,-1.04067,0.563882,-6.35485,-19.921,2.90438,18.9189,2.34049,3.9389,0,-0.319689,3.76466,-0.280945,-0.278713,197.600006,192.009995,194.805000,680.000000,198.1,182.508,190.304,692.467,-4.50093,12.4668
8.05576,-4.88732,-0.913322,0.541311,-6.64007,-19.8257,2.88327,18.9935,2.34196,4.11504,0,-0.311739,3.72425,-0.27916,-0.25017,197.600006,192.009995,194.805000,713.000000,195.698,180.532,188.115,682.489,-6.68999,-30.511
8.07579,-4.57421,-0.762639,0.51194,-6.91828,-19.7268,2.86304,19.1085,2.3511,4.11504,0,-0.304586,3.64596,-0.269122,-0.257072,193.259995,182.779999,188.019997,713.000000,191.818,176.78,184.299,666.196,-3.72092,-46.8043
8.09577,-4.28131,-0.631869,0.485021,-7.18776,-19.625,2.84333,19.2142,2.35831,4.11504,0,-0.324124,3.56838,-0.256204,-0.256531,193.259995,182.779999,188.019997,713.000000,187.628,173.038,180.333,652.107,-7.68694,-60.8929
8.11584,-4.02293,-0.530609,0.462623,-7.45455,-19.519,2.8244,19.296,2.36178,3.7514,0,-0.296554,3.5294,-0.243389,-0.227522,188.649994,167.429993,178.039993,650.000000,184.817,171.162,177.99,645.73,-0.050276,-4.27047
8.13586,-3.78105,-0.413223,0.441212,-7.71582,-19.4111,2.80705,19.401,2.36583,3.7514,0,-0.277564,3.58079,-0.234021,-0.202958,188.649994,167.429993,178.039993,650.000000,186.74,174.079,180.41,663.43,2.36968,13.4299
8.15584,-3.47667,-0.295597,0.418622,-7.98365,-19.2967,2.79048,19.5283,2.37186,3.7514,0,-0.308575,3.63641,-0.220627,-0.191297,182.479996,166.380005,174.430000,650.000000,189.194,176.865,183.03,673.702,8.59992,23.7016
8.17585,-3.14715,-0.178359,0.394272,-8.24933,-19.1795,2.77514,19.6743,2.38087,4.67816,0,-0.219356,3.69245,-0.200714,-0.176494,182.479996,166.380005,174.430000,804.000000,191.001,180.236,185.619,683.955,11.1886,-120.045
8.19589,-2.86584,-0.0790128,0.378337,-8.52429,-19.0553,2.76099,19.802,2.38265,4.67816,0,-0.272445,3.73355,-0.180289,-0.146622,191.809998,180.169998,185.989998,804.000000,193.433,182.94,188.187,612.398,2.19658,-191.602
8.21588,-2.57042,0.0358587,0.36472,-8.78367,-18.936,2.74927,19.9634,2.38455,4.67816,0,-0.15124,3.44652,-0.14277,-0.136826,191.809998,180.169998,185.989998,804.000000,177.489,169.168,173.329,614.614,-12.6611,-189.386
8.2359,-2.18667,0.156343,0.347576,-9.02362,-18.8245,2.73997,20.1746,2.39239,3.17405,0,-0.153782,3.17417,-0.105661,-0.0960727,171.770004,164.839996,168.305000,548.000000,162.491,156.219,159.355,567.372,-8.94965,19.3725
8.25593,-2.08944,0.158257,0.33759,-9.24697,-18.7209,2.73294,20.1904,2.39535,3.17405,0,-0.118248,2.8997,-0.0637871,-0.0573,171.770004,164.839996,168.305000,548.000000,147.097,143.65,145.373,518.695,-22.9317,-29.3046
8.27597,-1.82709,0.234236,0.328829,-9.462,-18.6221,2.72838,20.3433,2.39955,3.17405,0,-0.0996756,3.12196,-0.0481675,-0.0661972,151.850006,149.339996,150.595001,548.000000,157.709,155.108,156.409,586.32,5.81351,38.3199
8.296,-1.58445,0.316291,0.324117,-9.69977,-18.5136,2.72539,20.5042,2.40128,2.97113,0,-0.0504096,3.38923,-0.0282367,-0.0362134,151.850006,149.339996,150.595001,512.000000,169.865,168.756,169.31,642.235,18.7153,130.235
8.31595,-1.3447,0.37335,0.319936,-9.95647,-18.3973,2.72353,20.6519,2.40359,2.97113,0,-0.0326078,3.69857,-0.0162329,-0.00746716,160.339996,159.580002,159.959999,512.000000,184.918,184.308,184.613,709.587,24.6533,197.587
8.33595,-1.1233,0.446542,0.31921,-10.2375,-18.2719,2.72307,20.8195,2.40386,2.97113,0,0.0201484,4.04066,0.010404,0.0145764,160.339996,159.580002,159.959999,512.000000,201.376,202.137,201.756,772.33,41.7964,260.33
8.35601,-0.819662,0.534741,0.321218,-10.5517,-18.134,2.72437,21.0532,2.40315,4.58157,0,0.00958447,4.37846,0.0319839,0.0423824,187.149994,184.639999,185.894997,793.000000,217.518,219.783,218.651,836.787,32.7557,43.7871
8.37602,-0.486591,0.645635,0.322204,-10.8853,-17.9908,2.72805,21.3413,2.40585,4.58157,0,0.0516959,4.71385,0.066645,0.069697,187.149994,184.639999,185.894997,793.000000,233.646,237.254,235.45,900.672,49.5552,107.672
8.39607,-0.0611427,0.785105,0.32646,-11.2401,-17.8441,2.73493,21.7259,2.40847,4.58157,0,0.067603,4.76024,0.113036,0.134346,222.300003,222.380005,222.340004,793.000000,234.913,241.908,238.411,846.976,16.0706,53.9763
8.41605,0.337236,0.913606,0.334845,-11.5826,-17.7106,2.74541,22.1121,2.41056,4.58157,0,0.130528,4.51624,0.157645,0.158514,222.300003,222.380005,222.340004,621.000000,222.059,231.485,226.772,810.901,4.43189,189.901
8.43604,0.638468,1.02081,0.350132,-11.918,-17.5887,2.75923,22.4495,2.4091,3.59664,0,0.215646,4.27417,0.192608,0.183285,275.209991,229.229996,252.219994,621.000000,209.646,220.095,214.871,767.104,-37.3493,146.104
8.45605,0.958596,1.13245,0.370141,-12.2366,-17.4817,2.77546,22.8167,2.40532,3.59664,0,0.27535,4.30665,0.235377,0.223586,275.209991,229.229996,252.219994,621.000000,210.171,223.142,216.657,799.964,-35.5633,178.964
8.4761,1.35592,1.29434,0.392571,-12.5751,-17.378,2.79483,23.2965,2.40226,3.59664,0,0.328103,4.41118,0.28483,0.275852,215.440002,229.440002,222.440002,621.000000,214.208,230.317,222.262,822.221,-0.177738,201.221
8.49623,1.7916,1.49743,0.416036,-12.9206,-17.285,2.81917,23.8585,2.40313,4.99147,0,0.370376,4.50755,0.36293,0.339618,215.440002,229.440002,222.440002,866.000000,217.939,238.2,228.069,840.442,5.62944,-25.5585
8.51612,2.16308,1.669,0.45139,-13.276,-17.2062,2.8498,24.3852,2.39841,4.99147,0,0.50332,4.59425,0.447828,0.418111,224.500000,242.809998,233.654999,866.000000,221.44,245.97,233.705,857.168,0.0503436,-8.83245
8.53611,2.50103,1.85208,0.490918,-13.6279,-17.1455,2.88469,24.9209,2.39377,4.99147,0,0.570736,4.24737,0.476438,0.439045,224.500000,242.809998,233.654999,866.000000,204.689,230.817,217.753,735.265,-15.9016,-130.735
8.5562,2.77962,2.02986,0.535566,-13.9541,-17.104,2.91956,25.4189,2.38399,3.61897,0,0.6161,3.83544,0.431163,0.411792,243.809998,234.960007,239.385002,647.000000,184.783,209.013,196.898,663.357,-42.4868,16.3567
8.57612,3.06432,2.22467,0.587444,-14.2445,-17.077,2.95066,25.9258,2.36321,3.61897,0,0.530701,3.42292,0.389005,0.364454,243.809998,234.960007,239.385002,647.000000,164.964,186.418,175.691,592.793,-63.6937,-54.207
8.59619,3.31222,2.4376,0.623451,-14.5137,-17.0593,2.97879,26.4177,2.35534,3.61897,0,0.527253,3.40073,0.369305,0.366481,178.520004,204.720001,191.620003,647.000000,163.733,184.215,173.974,626.731,-17.6461,-20.2689
8.61618,3.62044,2.70177,0.665605,-14.7938,-17.0481,3.0073,27.0027,2.34169,4.98756,0,0.469116,3.4834,0.385515,0.352988,178.520004,204.720001,191.620003,866.000000,167.522,188.583,178.052,649.32,-13.5678,-216.68
8.63617,3.9212,2.94756,0.705533,-15.0773,-17.0456,3.03671,27.5802,2.33118,4.98756,0,0.525743,3.56305,0.409422,0.37271,177.679993,211.649994,194.664993,866.000000,171.392,193.314,182.353,664.327,-12.3119,-201.673
8.65617,4.10365,3.15881,0.737554,-15.3601,-17.0516,3.06625,28.0589,2.32869,4.98756,0,0.482715,3.34257,0.375309,0.348996,177.679993,211.649994,194.664993,866.000000,161.26,181.948,171.604,574.439,-23.0612,-291.561
8.67622,4.24174,3.33437,0.775311,-15.6115,-17.064,3.09253,28.4648,2.31722,2.54585,0,0.47018,2.93433,0.314863,0.299452,167.630005,195.369995,181.500000,460.000000,141.437,159.218,150.327,509.699,-31.1727,49.6988
8.69624,4.39082,3.50388,0.819963,-15.8316,-17.078,3.11359,28.8541,2.29362,2.54585,0,0.35632,2.53013,0.245424,0.237094,167.630005,195.369995,181.500000,460.000000,122.273,135.669,128.971,441.492,-52.5289,-18.5081
8.71633,4.55603,3.72082,0.848399,-16.0212,-17.0912,3.12947,29.2671,2.28107,2.54585,0,0.343529,2.44951,0.200311,0.188358,148.740005,157.809998,153.275002,460.000000,118.628,130.437,124.533,604.657,-28.7422,144.657
8.73627,4.73104,3.92556,0.874278,-16.2369,-17.1074,-3.13769,29.6991,2.27122,4.24486,0,0.253586,2.9535,0.229486,0.21115,148.740005,157.809998,153.275002,731.000000,142.905,155.231,149.068,580.491,-4.2071,-150.509
8.75629,4.95778,4.24768,0.891309,-16.4799,-17.1296,-3.11961,30.2748,2.27227,4.24486,0,0.320088,2.96353,0.23762,0.241122,140.240005,155.550003,147.895004,731.000000,143.312,156.731,150.022,550.839,2.12675,-180.161
8.77633,5.1063,4.47315,0.920533,-16.7107,-17.1561,-3.10154,30.7214,2.26112,4.24486,0,0.25089,2.83855,0.242268,0.226198,140.240005,155.550003,147.895004,731.000000,137.293,150.614,143.953,516.066,-3.94164,-214.934
8.79632,5.22344,4.65695,0.939593,-16.9344,-17.1862,-3.08352,31.1142,2.26008,4.24486,0,0.260732,2.70919,0.228108,0.218643,156.699997,165.039993,160.869995,731.000000,130.949,143.968,137.459,492.255,-23.4112,-238.745
8.81637,5.39693,4.89913,0.958639,-17.1423,-17.2187,-3.06605,31.5787,2.25849,4.24486,0,0.26839,2.5797,0.237785,0.230049,156.699997,165.039993,160.869995,731.000000,124.518,137.823,131.171,468.866,-29.6993,-262.134
8.83636,5.49613,5.08234,0.978886,-17.3425,-17.2548,-3.04817,31.9461,2.25613,4.24486,0,0.273736,2.44805,0.235858,0.213384,117.680000,133.490005,125.585003,731.000000,118.172,130.976,124.574,445.049,-1.01132,-285.951
8.85642,5.6006,5.282,1.0026,-17.5311,-17.2924,-3.03104,32.3215,2.24954,2.53265,0,0.278095,2.31828,0.216964,0.215191,117.680000,133.490005,125.585003,442.000000,112.019,123.966,117.993,421.378,-7.59235,-20.622
8.87637,5.62168,5.32489,1.03038,-17.713,-17.3314,-3.01488,32.5241,2.23793,2.53265,0,0.269173,2.50414,0.222744,0.201551,114.190002,129.800003,121.995003,442.000000,120.551,132.827,126.689,487.422,4.69393,45.4219
8.89639,5.67711,5.4762,1.04921,-17.927,-17.3794,-2.99735,32.8562,2.23663,2.53265,0,0.236909,2.97903,0.245149,0.226691,114.190002,129.800003,121.995003,442.000000,143.68,157.344,150.512,590.466,28.5169,148.466
8.91642,5.75706,5.67868,1.06845,-18.1779,-17.4395,-2.97758,33.2766,2.23716,2.53265,0,0.279546,3.4575,0.272151,0.251941,114.190002,129.800003,121.995003,442.000000,166.777,182.223,174.5,687.508,52.505,245.508
8.93643,5.88849,5.92151,1.0922,-18.456,-17.5114,-2.95642,33.7899,2.23456,3.28084,0,0.238394,3.70352,0.291079,0.267901,114.190002,129.800003,121.995003,563.000000,178.913,195.035,186.974,700.638,64.9793,137.638
8.95649,5.99735,6.13601,1.1111,-18.7517,-17.5953,-2.93339,34.2883,2.2387,3.28084,0,0.327434,3.91316,0.307789,0.309581,134.259995,163.399994,148.829994,563.000000,189.082,206.69,197.886,739.275,49.0561,176.275
8.97646,6.07629,6.32904,1.13453,-19.0628,-17.6925,-2.90811,34.7708,2.24055,3.28084,0,0.268275,4.12457,0.35275,0.323778,134.259995,163.399994,148.829994,563.000000,199.068,218.579,208.823,779.529,59.9934,216.529
8.99649,6.19202,6.6867,1.15892,-19.3784,-17.8024,-2.88056,35.4057,2.2437,3.94368,0,0.37636,4.15433,0.382256,0.367817,166.820007,170.839996,168.830002,673.000000,200.582,221.528,211.055,766.367,42.2251,93.3669
9.01654,6.30065,6.92349,1.18594,-19.6885,-17.9233,-2.85066,35.9555,2.24658,3.94368,0,0.427029,4.12345,0.420492,0.379846,166.820007,170.839996,168.830002,673.000000,198.616,221.677,210.146,758.061,41.3163,85.0614
9.03651,6.41022,7.20826,1.22155,-19.9896,-18.0542,-2.81885,36.5396,2.24279,3.94368,0,0.466649,4.08838,0.44347,0.421883,154.300003,246.259995,200.279999,673.000000,196.795,221.124,208.959,751.544,8.67928,78.544
9.05647,6.54003,7.50859,1.26096,-20.2831,-18.1964,-2.78484,37.1514,2.23739,3.94368,0,0.488611,4.04798,0.472822,0.462386,154.300003,246.259995,200.279999,673.000000,194.756,220.596,207.676,743.971,7.39611,70.9712
9.07655,6.52885,7.80467,1.29224,-20.5691,-18.3504,-2.74861,37.6615,2.24233,3.94368,0,0.576889,4.00739,0.48912,0.446075,171.490005,196.289993,183.889999,673.000000,192.648,219.086,205.867,736.226,21.9772,63.2263
9.09653,6.61542,8.11711,1.33812,-20.8487,-18.5147,-2.71226,38.2561,2.23281,3.94368,0,0.527422,3.96694,0.480643,0.459445,171.490005,196.289993,183.889999,673.000000,190.737,216.954,203.846,728.894,19.9556,55.8937
9.11653,6.68731,8.45486,1.38396,-21.1158,-18.6852,-2.67654,38.8535,2.22268,4.21047,0,0.556624,3.92705,0.4827,0.449673,156.619995,194.699997,175.659996,724.000000,188.813,214.981,201.897,721.479,26.237,-2.521
9.13655,6.66477,8.82706,1.43208,-21.3712,-18.8613,-2.64143,39.4038,2.20968,4.21047,0,0.527181,3.80394,0.449937,0.43629,156.619995,194.699997,175.659996,724.000000,182.602,208.357,195.479,690.533,19.8192,-33.4668
9.15657,6.70232,9.14093,1.47135,-21.617,-19.0423,-2.60766,39.9535,2.20417,4.21047,0,0.510565,3.66723,0.426605,0.423114,164.300003,200.160004,182.230003,724.000000,176.308,200.349,188.328,665.503,6.09841,-58.4971
9.17658,6.69183,9.29977,1.4967,-21.8452,-19.2212,-2.57644,40.346,2.21005,3.75182,0,0.479365,3.53871,0.397879,0.378463,164.300003,200.160004,182.230003,650.000000,170.244,192.185,181.215,663.877,-1.01519,13.8771
9.19659,6.69713,9.6422,1.54758,-22.0652,-19.4025,-2.54724,40.8762,2.18837,3.75182,0,0.473531,3.58047,0.386341,0.368481,154.039993,181.979996,168.009995,650.000000,172.398,193.252,182.825,664.322,14.8148,14.3222
9.21661,6.66486,9.93067,1.58256,-22.2857,-19.5934,-2.51857,41.3498,2.18206,3.75182,0,0.476131,3.62068,0.369175,0.365016,154.039993,181.979996,168.009995,650.000000,174.339,194.987,184.663,670.945,16.6534,20.9451
9.23666,6.62694,10.269,1.6256,-22.5022,-19.79,-2.49106,41.8574,2.16653,4.23676,0,0.386365,3.66144,0.363887,0.354703,154.779999,182.699997,168.739998,724.000000,176.35,196.64,186.495,678.582,17.7551,-45.4182
9.25664,6.60304,10.6076,1.65849,-22.7132,-19.9914,-2.46425,42.3761,2.16045,4.23676,0,0.436215,3.55732,0.341097,0.33232,154.779999,182.699997,168.739998,724.000000,171.435,190.713,181.074,647.204,12.3343,-76.7961
9.27668,6.5495,10.8684,1.69113,-22.9113,-20.1901,-2.43877,42.8085,2.15329,4.23676,0,0.381167,3.42498,0.332089,0.306357,156.130005,175.729996,165.930000,724.000000,165.271,183.467,174.369,622.039,8.43893,-101.961
9.29669,6.51721,11.1959,1.73211,-23.0984,-20.3865,-2.41475,43.2958,2.13632,2.99506,0,0.364074,3.29455,0.314556,0.278189,156.130005,175.729996,165.930000,523.000000,159.053,176.188,167.621,598.389,1.69096,75.3887
9.31668,6.43221,11.2983,1.75046,-23.2787,-20.5836,-2.39185,43.5798,2.14088,2.99506,0,0.332842,3.48258,0.30403,0.296866,145.720001,142.779999,144.250000,523.000000,167.672,184.537,176.105,677.69,31.8548,154.69
9.33677,6.38617,11.5339,1.77661,-23.4716,-20.8006,-2.36915,44.0115,2.13742,2.99506,0,0.313932,3.80417,0.302754,0.277655,145.720001,142.779999,144.250000,523.000000,183.772,200.609,192.19,729.617,47.9404,206.617
9.35679,6.31141,11.9595,1.81877,-23.6796,-21.0428,-2.34599,44.5938,2.11843,3.66621,0,0.316664,4.11651,0.322114,0.289167,152.070007,166.600006,159.335007,629.000000,199.063,216.578,207.82,789.224,48.4851,160.224
9.37674,6.21567,12.2345,1.83904,-23.8893,-21.301,-2.32078,45.0659,2.12337,3.66621,0,0.278815,4.20422,0.358103,0.326846,152.070007,166.600006,159.335007,629.000000,203.232,222.696,212.964,780.631,53.6291,151.631
9.39688,6.09327,12.4534,1.86179,-24.0973,-21.575,-2.29287,45.4907,2.12853,3.66621,0,0.41067,4.2748,0.380357,0.364296,180.820007,187.580002,184.200005,629.000000,206.596,227.047,216.822,794.823,32.6218,165.823
9.41681,6.00639,12.7271,1.89338,-24.2996,-21.8579,-2.2645,45.9845,2.1253,3.66621,0,0.369482,4.34948,0.384319,0.351375,180.820007,187.580002,184.200005,629.000000,209.943,231.227,220.585,808.67,36.3848,179.67
9.43686,5.87681,13.0404,1.91913,-24.4957,-22.151,-2.2349,46.4857,2.12915,3.66621,0,0.403838,4.41967,0.410363,0.374449,188.169998,210.789993,199.479996,629.000000,213.307,235.533,224.42,821.875,24.9399,192.875
9.45687,5.77286,13.3131,1.95127,-24.6833,-22.454,-2.20354,46.9773,2.12837,3.66621,0,0.450489,4.48583,0.438734,0.4184,188.169998,210.789993,199.479996,629.000000,216.054,240.465,228.259,834.544,28.7794,205.544
9.47683,5.60816,13.6323,1.99028,-24.862,-22.7682,-2.17,47.4703,2.1229,3.66621,0,0.474662,4.55188,0.455506,0.43604,187.520004,209.869995,198.695000,629.000000,219.12,244.733,231.927,846.652,33.2319,217.652
9.49689,5.44242,14.1529,2.04052,-25.0323,-23.0977,-2.1338,48.1282,2.10887,4.31339,0,0.520435,4.61077,0.517596,0.475562,187.520004,209.869995,198.695000,746.000000,221.718,249.973,235.845,858.128,37.1503,112.128
9.51684,5.22016,14.3264,2.07296,-25.1838,-23.434,-2.0924,48.4794,2.11782,4.31339,0,0.602438,4.47844,0.560121,0.537933,194.639999,220.729996,207.684998,746.000000,215.251,246.401,230.826,807.771,23.1408,61.7708
9.53694,5.02331,14.6619,2.13037,-25.3132,-23.7621,-2.05101,48.9562,2.1018,4.31339,0,0.640141,4.29962,0.544486,0.506825,194.639999,220.729996,207.684998,746.000000,206.891,236.277,221.584,775.063,13.8989,29.0625
9.55693,4.85266,14.8487,2.17089,-25.4246,-24.0818,-2.01142,49.3183,2.10088,3.84107,0,0.60375,4.12312,0.509574,0.482743,180.479996,218.190002,199.334999,680.000000,198.3,226.152,212.226,743.672,12.891,63.6721
9.57691,4.67157,15.041,2.20834,-25.5234,-24.3983,-1.97444,49.6709,2.10041,3.84107,0,0.568291,4.08572,0.473867,0.444992,180.479996,218.190002,199.334999,680.000000,196.418,222.553,209.485,752.493,10.1503,72.4926
9.59691,4.4606,15.2586,2.25277,-25.6131,-24.7165,-1.93997,50.0244,2.09045,3.84107,0,0.495781,4.09294,0.441383,0.409479,171.750000,202.070007,186.910004,680.000000,196.961,221.273,209.117,755.531,22.207,75.5305
9.617,4.22292,15.4821,2.29169,-25.6942,-25.0337,-1.90846,50.3643,2.08304,3.68197,0,0.514747,4.11657,0.410945,0.374872,171.750000,202.070007,186.910004,650.000000,198.267,220.585,209.426,766.386,22.516,116.386
9.63696,4.03033,15.6931,2.32798,-25.7703,-25.3607,-1.87877,50.7296,2.07644,3.68197,0,0.391775,4.18576,0.380372,0.373174,170.720001,194.250000,182.485001,650.000000,202.021,223.054,212.537,777.875,30.0524,127.875
9.65699,3.79265,15.9768,2.37442,-25.8394,-25.6914,-1.851,51.1302,2.05777,3.68197,0,0.412143,4.25706,0.366515,0.337463,170.720001,194.250000,182.485001,650.000000,205.745,225.73,215.737,791.01,33.2525,141.01
9.67699,3.52109,16.1342,2.39863,-25.902,-26.0327,-1.82335,51.4176,2.0612,3.95104,0,0.416939,4.32057,0.358424,0.349366,180.270004,204.479996,192.375000,683.000000,208.939,229.326,219.132,778.351,26.7572,95.3511
9.69705,3.2309,16.3942,2.44135,-25.9557,-26.3757,-1.79601,51.7796,2.04582,3.95104,0,0.40405,4.29144,0.359245,0.353476,180.270004,204.479996,192.375000,683.000000,207.317,227.828,217.573,788.991,25.1976,105.991
9.7171,2.99618,16.5859,2.47198,-25.9993,-26.7143,-1.76912,52.1118,2.04209,3.95104,0,0.396895,4.26632,0.364909,0.339677,182.860001,205.050003,193.955002,683.000000,206.083,226.555,216.319,784.283,22.364,101.283
9.73703,2.72045,16.7468,2.49899,-26.0329,-27.0564,-1.74114,52.3973,2.04305,4.01109,0,0.392882,4.23773,0.377967,0.362369,182.860001,205.050003,193.955002,695.000000,204.444,225.875,215.16,779.053,21.2047,84.0532
9.75703,2.46005,16.9355,2.53008,-26.0554,-27.392,-1.71289,52.7073,2.04022,4.01109,0,0.405048,4.19006,0.385266,0.356238,181.130005,203.949997,192.540001,695.000000,202.485,223.238,212.861,768.253,20.3213,73.2529
9.7771,2.0529,17.2293,2.58158,-26.0671,-27.7291,-1.68357,53.0282,2.01803,4.01109,0,0.394948,4.13878,0.384907,0.370048,181.130005,203.949997,192.540001,695.000000,199.6,221.386,210.493,758.66,17.9525,63.6599
9.79705,1.75497,17.4086,2.61937,-26.0682,-28.0554,-1.65451,53.3021,2.0093,3.72188,0,0.452435,4.08752,0.38713,0.376147,181.130005,203.949997,192.540001,650.000000,197.114,218.912,208.013,749.343,15.4728,99.3426
9.81715,1.46067,17.5237,2.65013,-26.0592,-28.3852,-1.62471,53.5253,2.00834,3.72188,0,0.470232,4.03466,0.399061,0.360562,181.130005,203.949997,192.540001,650.000000,194.602,216.213,205.407,739.743,12.8675,89.7433
9.83706,1.2936,17.5193,2.67827,-26.0395,-28.7079,-1.59445,53.7035,2.01047,3.72188,0,0.450207,4.05699,0.421533,0.389915,181.130005,203.949997,192.540001,650.000000,195.183,218.788,206.986,751.869,14.4458,101.869
9.85715,1.02883,17.6454,2.71705,-26.0083,-29.0361,-1.56267,53.946,2.00347,3.97156,0,0.504535,4.10514,0.424709,0.390705,181.130005,203.949997,192.540001,687.000000,197.515,221.077,209.296,761.837,16.7559,74.8372
9.87717,0.745579,17.7353,2.74953,-25.9672,-29.365,-1.53136,54.148,2.00229,3.97156,0,0.492265,4.08983,0.411833,0.379207,181.130005,203.949997,192.540001,687.000000,196.841,220.145,208.493,751.545,15.953,64.5448
9.89716,0.440731,17.8332,2.79111,-25.9172,-29.6852,-1.50101,54.3392,1.99106,3.97156,0,0.475688,4.05229,0.398152,0.379595,181.130005,203.949997,192.540001,687.000000,195.314,217.507,206.411,744.092,13.8706,57.0918
9.91718,-0.0212787,18.0318,2.83724,-25.8577,-30.0074,-1.47093,54.5462,1.97501,3.97156,0,0.469104,4.01413,0.392043,0.384483,181.130005,203.949997,192.540001,687.000000,193.408,215.635,204.521,737.095,11.9813,50.0947
9.93724,-0.341193,18.1255,2.87515,-25.7881,-30.321,-1.43987,54.7231,1.96817,3.91075,0,0.443427,3.98361,0.426391,0.396227,181.130005,203.949997,192.540001,676.000000,191.685,215.232,203.458,733.619,10.9183,57.6194
9.95722,-0.581194,18.0984,2.90408,-25.7081,-30.6274,-1.40767,54.823,1.97144,3.91075,0,0.487345,3.96257,0.422975,0.410774,181.130005,203.949997,192.540001,676.000000,190.761,214.201,202.481,729.456,9.9409,53.4564
9.97726,-0.875245,18.1602,2.94298,-25.618,-30.9345,-1.37575,54.9772,1.96446,3.91075,0,0.46042,3.94464,0.411158,0.393611,181.130005,203.949997,192.540001,676.000000,189.679,213.162,201.421,726.068,8.88056,50.0681
9.99724,-1.10935,18.1764,2.97653,-25.5203,-31.2345,-1.34501,55.112,1.96164,3.48524,0,0.454723,3.99801,0.404601,0.3897,167.539993,164.190002,165.864998,610.000000,192.616,215.157,203.886,749.224,38.0215,139.224
10.0172,-1.41514,18.2212,3.01512,-25.41,-31.5455,-1.31429,55.2492,1.95378,3.48524,0,0.434436,4.13227,0.411902,0.368449,167.539993,164.190002,165.864998,610.000000,198.969,221.469,210.219,774.964,44.3541,164.964
10.0373,-1.72411,18.1835,3.04775,-25.289,-31.8602,-1.28414,55.3143,1.9513,3.48524,0,0.427716,4.26957,0.396371,0.36101,171.679993,192.309998,181.994995,610.000000,205.917,227.64,216.779,800.054,34.7838,190.054
10.0573,-2.05658,18.2084,3.08353,-25.1563,-32.182,-1.25488,55.4328,1.94478,4.47355,0,0.429294,4.40763,0.386794,0.366185,171.679993,192.309998,181.994995,760.000000,212.682,234.324,223.503,825.969,41.5078,65.9685
10.0773,-2.40918,18.1815,3.113,-25.0113,-32.5072,-1.2251,55.4995,1.94508,4.47355,0,0.500977,4.37744,0.395329,0.366889,165.690002,197.880005,181.785004,760.000000,211.203,232.977,222.09,790.213,40.3048,30.2134
10.0973,-2.75037,18.1853,-3.13747,-24.8625,-32.8153,-1.19629,55.5878,1.94118,4.47355,0,0.388711,4.15799,0.377688,0.34823,165.690002,197.880005,181.785004,760.000000,200.992,221.767,211.38,746.659,29.5949,-13.3406
10.1173,-2.86729,18.116,-3.1128,-24.7087,-33.1046,-1.16578,55.683,1.94702,3.7992,0,0.354038,3.92574,0.406498,0.387291,194.429993,206.199997,200.314995,658.000000,189.241,211.797,200.519,703.992,0.203827,45.9916
10.1373,-3.22463,18.0995,-3.06856,-24.556,-33.3735,-1.13763,55.718,1.93093,3.7992,0,0.482227,3.80345,0.348751,0.321325,194.429993,206.199997,200.314995,658.000000,183.925,203.464,193.694,688.462,-6.62063,30.4617
10.1573,-3.51358,18.0738,-3.03875,-24.4008,-33.6352,-1.11207,55.7682,1.92668,3.7992,0,0.360415,3.82834,0.341943,0.327518,156.149994,183.929993,170.039993,658.000000,184.871,203.67,194.27,708.295,24.2304,50.2945
10.1774,-3.85602,18.0497,-3.00929,-24.2365,-33.8983,-1.08689,55.8028,1.9224,3.22972,0,0.393904,3.86569,0.337439,0.304681,156.149994,183.929993,170.039993,570.000000,186.449,204.92,195.684,764.485,25.6442,194.485
10.1974,-4.19435,18.0145,-2.97376,-24.0595,-34.1659,-1.06057,55.8339,1.91319,3.22972,0,0.329847,4.10001,0.370769,0.346345,156.520004,175.710007,166.115005,570.000000,197.677,218.106,207.892,778.455,41.7768,208.455
10.2174,-4.43838,17.9366,-2.94327,-23.8634,-34.4416,-1.03082,55.8642,1.91245,3.22972,0,0.35959,4.32152,0.421024,0.387495,156.520004,175.710007,166.115005,570.000000,208.197,231.032,219.615,820.33,53.4996,250.33
10.2375,-4.68822,17.8827,-2.91493,-23.6478,-34.7235,-0.998547,55.9184,1.91638,4.16428,0,0.390407,4.54635,0.44477,0.420602,164.580002,194.339996,179.459999,713.000000,218.895,243.469,231.182,863.291,51.722,150.291
10.2575,-4.98224,17.7939,-2.89291,-23.4105,-35.0096,-0.962807,55.9268,1.9301,4.16428,0,0.44077,4.53904,0.483714,0.479568,164.580002,194.339996,179.459999,713.000000,219.003,245.728,232.365,822.56,52.9052,109.56
10.2774,-5.35922,17.6512,-2.84626,-23.1679,-35.2764,-0.925152,55.8433,1.92111,4.16428,0,0.610142,4.41647,0.506715,0.484042,165.559998,199.039993,182.299995,713.000000,212.588,240.294,226.441,803.042,44.141,90.0415
10.2974,-5.63861,17.4935,-2.79876,-22.9209,-35.5254,-0.886937,55.7645,1.91183,4.12232,0,0.572877,4.29517,0.50823,0.466768,165.559998,199.039993,182.299995,709.000000,206.681,234.202,220.441,780.704,38.1414,71.7042
10.3175,-5.96087,17.3876,-2.76082,-22.6729,-35.7587,-0.850732,55.712,1.91009,4.12232,0,0.542907,4.18966,0.47161,0.436837,183.990005,206.580002,195.285004,709.000000,201.602,227.424,214.513,763.933,19.2278,54.9326
10.3375,-6.30083,17.242,-2.71387,-22.4226,-35.9787,-0.815613,55.6089,1.89825,4.12232,0,0.495706,4.08698,0.460309,0.444016,183.990005,206.580002,195.285004,709.000000,196.626,222.294,209.46,744.55,14.1746,35.5498
10.3575,-6.46085,17.148,-2.69545,-22.1724,-36.182,-0.780816,55.5963,1.91464,4.12232,0,0.505858,3.98136,0.467936,0.433278,171.940002,249.800003,210.870003,665.000000,191.477,217.166,204.322,725.298,-6.54804,60.2976
10.3776,-6.75635,16.9797,-2.64641,-21.9173,-36.3745,-0.745825,55.4664,1.90059,3.80342,0,0.523277,3.93661,0.464053,0.430325,171.940002,249.800003,210.870003,665.000000,189.272,214.615,201.943,729.972,-8.92661,64.9718
10.3975,-7.10954,16.7512,-2.59084,-21.6547,-36.5593,-0.711182,55.2592,1.87965,3.80342,0,0.447449,3.95333,0.458876,0.414269,151.240005,249.800003,200.520004,665.000000,190.014,215.057,202.535,731.133,2.01538,66.1331
10.4176,-7.2564,16.6119,-2.56371,-21.3898,-36.7332,-0.677285,55.1856,1.88643,3.80342,0,0.542297,3.96844,0.444728,0.429776,151.240005,249.800003,200.520004,665.000000,190.468,216.069,203.269,733.914,2.74871,68.9139
10.4377,-7.48924,16.4539,-2.52805,-21.1146,-36.9018,-0.643799,55.0679,1.88425,3.96478,0,0.432626,3.94951,0.438814,0.397735,161.729996,193.589996,177.659996,698.000000,190.164,213.916,202.04,724.491,24.3803,26.4915
10.4576,-7.81697,16.1728,-2.48,-20.8412,-37.0586,-0.612279,54.8016,1.86772,3.96478,0,0.500364,3.91282,0.406376,0.395123,161.729996,193.589996,177.659996,698.000000,188.331,211.313,199.822,718.468,22.1616,20.4678
10.4776,-7.98686,16.0139,-2.44577,-20.5671,-37.2059,-0.581904,54.6864,1.86386,3.96478,0,0.446335,3.87609,0.402295,0.376993,198.350006,188.139999,193.245003,698.000000,186.73,208.788,197.759,711.925,4.514,13.9251
10.4976,-8.15211,15.8268,-2.41309,-20.2868,-37.3462,-0.551728,54.5402,1.86137,3.34393,0,0.468118,3.83916,0.391273,0.380601,198.350006,188.139999,193.245003,585.000000,184.842,206.782,195.812,705.229,2.56678,120.229
10.5177,-8.35947,15.6139,-2.37437,-20.0093,-37.4754,-0.522628,54.3525,1.85175,3.34393,0,0.422055,3.80458,0.387617,0.350567,162.339996,187.410004,174.875000,585.000000,183.357,204.546,193.952,698.706,19.0766,113.706
10.5377,-8.53939,15.3899,-2.34342,-19.7267,-37.5986,-0.494436,54.1565,1.84898,3.34393,0,0.408072,3.95446,0.371118,0.341994,162.339996,187.410004,174.875000,585.000000,190.943,210.779,200.861,743.601,25.9859,158.601
10.5577,-8.75491,15.1615,-2.31242,-19.4257,-37.723,-0.467301,53.9504,1.84512,4.05261,0,0.402668,4.14266,0.347082,0.329127,172.080002,193.529999,182.805000,698.000000,199.859,219.691,209.775,781.055,26.9698,83.0547
10.5777,-8.97021,14.8799,-2.27758,-19.1094,-37.8464,-0.441149,53.6923,1.83643,4.05261,0,0.419787,4.14895,0.337156,0.307777,172.080002,193.529999,182.805000,698.000000,200.712,219.428,210.07,762.262,27.2646,64.2624
10.5977,-9.15835,14.6165,-2.24996,-18.7987,-37.959,-0.416045,53.452,1.83392,4.05261,0,0.410957,4.09082,0.32192,0.310735,193.679993,213.419998,203.549995,698.000000,198.037,216.189,207.113,748.962,3.56282,50.962
10.6177,-9.38953,14.3034,-2.2151,-18.4895,-38.062,-0.390948,53.1503,1.82415,4.51453,0,0.398097,4.02963,0.335445,0.30897,193.679993,213.419998,203.549995,775.000000,194.852,213.556,204.204,737.724,0.653886,-37.276
10.6378,-9.56993,14.0567,-2.18953,-18.1823,-38.1543,-0.364986,52.9166,1.82455,4.51453,0,0.366493,3.91613,0.345425,0.338943,193.679993,213.419998,203.549995,775.000000,189.531,208.749,199.14,708.446,-4.40971,-66.5542
10.6578,-9.75765,13.7364,-2.15952,-17.8885,-38.2322,-0.338562,52.6008,1.82095,4.51453,0,0.372425,3.68151,0.360445,0.33067,193.679993,213.419998,203.549995,775.000000,177.635,197.504,187.569,659.769,-15.9807,-115.231
10.6777,-9.91249,13.4677,-2.12628,-17.61,-38.2961,-0.311922,52.333,1.81436,3.48266,0,0.386779,3.44275,0.35534,0.332664,168.009995,183.820007,175.915001,610.000000,165.987,185.6,175.793,616.514,-0.121502,6.51445
10.6978,-10.0056,13.2701,-2.09589,-17.3447,-38.3492,-0.286094,52.1384,1.8098,3.48266,0,0.411002,3.27082,0.338928,0.30456,168.009995,183.820007,175.915001,610.000000,156.389,174.85,165.62,653.458,-10.2954,43.4578
10.7178,-10.1265,13.0545,-2.06759,-17.0814,-38.3949,-0.260688,51.9173,1.80691,3.48266,0,0.39087,3.4097,0.353674,0.324337,131.660004,172.410004,152.035004,610.000000,164.033,183.533,173.783,638.973,21.7481,28.9729
10.7378,-10.2192,12.7809,-2.03549,-16.8067,-38.4353,-0.234246,51.6381,1.80124,3.80374,0,0.403433,3.54405,0.363728,0.337463,131.660004,172.410004,152.035004,658.000000,170.695,190.458,180.576,649.674,28.5412,-8.32586
10.7579,-10.3628,12.4819,-2.00183,-16.5194,-38.4695,-0.206598,51.322,1.79523,3.80374,0,0.427848,3.56109,0.372853,0.342251,163.289993,180.320007,171.805000,658.000000,171.616,191.753,181.684,658.015,9.87944,0.0150324
10.7778,-10.4251,12.2669,-1.97177,-16.2336,-38.4948,-0.178543,51.093,1.79323,3.80374,0,0.45579,3.5796,0.380203,0.354561,163.289993,180.320007,171.805000,658.000000,172.341,193.074,182.708,661.972,10.9025,3.9716
10.7979,-10.5598,11.9291,-1.92954,-15.9474,-38.5117,-0.150206,50.7277,1.77933,3.80374,0,0.44668,3.59791,0.389319,0.355028,159.440002,184.279999,171.860001,658.000000,173.081,194.448,183.765,665.356,11.9049,7.35557
10.8179,-10.6064,11.6822,-1.8969,-15.6526,-38.5203,-0.120818,50.4555,1.77608,3.69763,0,0.355009,3.6499,0.388816,0.360464,159.440002,184.279999,171.860001,640.000000,175.603,197.132,186.368,677.786,14.5075,37.7856
10.8379,-10.6706,11.4219,-1.86299,-15.357,-38.5205,-0.0915079,50.1618,1.77148,3.69763,0,0.506537,3.70508,0.395711,0.375774,165.779999,180.789993,173.284996,640.000000,178.2,200.18,189.19,688.357,15.905,48.3567
10.8579,-10.7353,11.1944,-1.83437,-15.0586,-38.5121,-0.0621492,49.8942,1.77222,3.69763,0,0.427075,3.76289,0.382283,0.376205,165.779999,180.789993,173.284996,640.000000,181.09,202.78,191.935,698.829,18.6497,58.8293
10.8779,-10.799,10.8099,-1.79116,-14.7554,-38.4949,-0.0324356,49.4632,1.75873,3.88026,0,0.407662,3.77124,0.401644,0.382851,165.779999,180.789993,173.284996,669.000000,181.774,203.348,192.561,695.815,19.2761,26.8146
10.8979,-10.8539,10.4167,-1.74857,-14.4535,-38.4686,-0.00290932,49.0176,1.74566,3.88026,0,0.4838,3.76537,0.387168,0.376977,165.779999,180.789993,173.284996,669.000000,181.309,203.003,192.156,693.965,18.8708,24.9654
10.918,-10.8684,10.1827,-1.71869,-14.149,-38.4331,0.0270589,48.7264,1.74575,3.88026,0,0.45372,3.756,0.398695,0.385075,143.600006,179.960007,161.780006,669.000000,180.84,202.769,191.805,692.451,30.0245,23.451
10.938,-10.908,9.88207,-1.68549,-13.8518,-38.389,0.0566581,48.3608,1.74215,4.01562,0,0.446861,3.71806,0.390008,0.372868,143.600006,179.960007,161.780006,691.000000,179.15,200.743,189.946,680.624,28.1663,-10.3759
10.958,-10.9109,9.54295,-1.64462,-13.5637,-38.3375,0.0856004,47.9539,1.73022,4.01562,0,0.448557,3.66191,0.385548,0.372074,169.449997,195.860001,182.654999,691.000000,176.357,197.722,187.04,671.107,4.38462,-19.8926
10.9781,-10.9048,9.23533,-1.60814,-13.2765,-38.2777,0.114492,47.5722,1.72263,4.01562,0,0.452124,3.60489,0.386523,0.354801,169.449997,195.860001,182.654999,691.000000,173.596,194.578,184.087,660.73,1.4322,-30.2701
10.9981,-10.8849,8.93687,-1.56844,-12.9902,-38.2096,0.143324,47.1935,1.71177,3.35352,0,0.447627,3.67117,0.387771,0.348863,196.539993,196.479996,196.509995,588.000000,176.633,197.723,187.178,696.318,-9.33232,108.318
11.0181,-10.8619,8.66284,-1.53373,-12.6983,-38.1323,0.171959,46.8312,1.70568,3.35352,0,0.448198,3.85277,0.383271,0.362974,196.539993,196.479996,196.509995,588.000000,185.537,206.621,196.079,726.716,-0.431085,138.716
11.0381,-10.8482,8.4079,-1.50151,-12.3945,-38.0438,0.200919,46.4774,1.70243,3.35352,0,0.400859,4.03478,0.378628,0.366182,161.460007,182.429993,171.945000,588.000000,194.227,215.863,205.045,760.838,33.0996,172.838
11.0582,-10.7893,8.05095,-1.46633,-12.077,-37.9422,0.230357,46.0112,1.69668,4.31925,0,0.416076,4.2161,0.407753,0.371294,161.460007,182.429993,171.945000,746.000000,202.989,225.519,214.254,795.314,42.3091,49.3144
11.0781,-10.7174,7.67643,-1.42887,-11.7642,-37.8312,0.260223,45.5196,1.68909,4.31925,0,0.504464,4.11573,0.393559,0.386544,182.699997,190.690002,186.695000,746.000000,198.46,220.568,209.514,747.182,22.8187,1.18153
11.0981,-10.6581,7.45274,-1.40143,-11.458,-37.7108,0.29082,45.1706,1.69225,4.31925,0,0.410551,3.94791,0.391057,0.383757,182.699997,190.690002,186.695000,746.000000,190.319,212.474,201.397,713.521,14.7018,-32.4791
11.1181,-10.5743,7.10737,-1.36304,-11.1726,-37.5876,0.32059,44.699,1.68363,4.31925,0,0.457621,3.77925,0.384268,0.370321,177.130005,198.570007,187.850006,746.000000,182.154,203.71,192.932,683.053,5.08204,-62.947
11.1382,-10.4596,6.75488,-1.32316,-10.9059,-37.4625,0.34919,44.2197,1.67235,4.31925,0,0.435985,3.61269,0.370745,0.35613,177.130005,198.570007,187.850006,746.000000,174.065,194.94,184.503,652.917,-3.34738,-93.0832
11.1582,-10.3585,6.38477,-1.28548,-10.6509,-37.3337,0.377173,43.7195,1.66266,4.31925,0,0.412834,3.44253,0.360775,0.358533,162.339996,170.839996,166.589996,746.000000,165.739,186.208,175.973,622.286,9.38311,-123.714
11.1782,-10.2672,6.16794,-1.25586,-10.4144,-37.2055,0.403982,43.3737,1.65984,3.23955,0,0.445724,3.27639,0.349032,0.323626,162.339996,170.839996,166.589996,570.000000,157.857,177.053,167.455,592.33,0.865032,22.3298
11.1981,-10.1743,5.96065,-1.21494,-10.187,-37.075,0.429607,43.0357,1.64454,3.23955,0,0.442582,3.33219,0.333914,0.32108,145.520004,170.020004,157.770004,570.000000,160.022,178.843,169.433,642.706,11.6626,72.7062
11.2182,-10.0532,5.72302,-1.18355,-9.94987,-36.9327,0.455039,42.6558,1.63859,3.23955,0,0.286271,3.55756,0.342261,0.326854,145.520004,170.020004,157.770004,570.000000,171.403,190.09,180.746,674.633,22.9764,104.633
11.2382,-9.96132,5.50507,-1.15814,-9.69998,-36.7753,0.481014,42.2812,1.63915,3.81862,0,0.410453,3.78199,0.347881,0.332834,152.110001,170.880005,161.495003,654.000000,181.889,202.182,192.035,717.288,30.5402,63.288
11.2583,-9.84862,5.30325,-1.13194,-9.44365,-36.6049,0.507676,41.9101,1.63961,3.81862,0,0.373114,3.81917,0.350873,0.333979,152.110001,170.880005,161.495003,654.000000,183.976,204.088,194.032,704.976,32.5367,50.976
11.2783,-9.65709,4.95782,-1.09278,-9.189,-36.4261,0.534202,41.3866,1.62698,3.81862,0,0.444618,3.83984,0.347007,0.321007,142.429993,189.250000,165.839996,654.000000,185.419,204.481,194.95,709.504,29.1098,55.5044
11.2983,-9.48431,4.68121,-1.05991,-8.94057,-36.2424,0.560123,40.9273,1.62004,3.81862,0,0.36407,3.86014,0.340248,0.329628,142.429993,189.250000,165.839996,614.000000,186.259,205.621,195.94,713.268,30.1,99.2677
11.3183,-9.35058,4.45094,-1.02848,-8.69682,-36.0526,0.585791,40.5088,1.61427,3.5534,0,0.422609,3.88115,0.347713,0.310335,174.410004,200.100006,187.255005,614.000000,187.442,206.387,196.915,717.135,9.6597,103.135
11.3383,-9.11519,4.14872,-0.98966,-8.45283,-35.8519,0.612308,40.0061,1.60197,3.5534,0,0.415434,3.97606,0.367976,0.333575,174.410004,200.100006,187.255005,614.000000,191.545,212.305,201.925,742.424,14.6699,128.424
11.3583,-8.9959,3.97199,-0.964289,-8.21074,-35.6402,0.640118,39.62,1.60441,3.5534,0,0.425418,4.08526,0.39158,0.351496,179.190002,204.679993,191.934998,614.000000,196.883,218.308,207.595,763.429,15.6605,149.429
11.3783,-8.71918,3.6313,-0.92108,-7.96559,-35.4116,0.670303,39.0501,1.59138,4.35618,0,0.436343,4.19278,0.41572,0.398091,179.190002,204.679993,191.934998,749.000000,202.114,224.727,213.421,783.54,21.4856,34.5401
11.3984,-8.46977,3.35683,-0.884521,-7.72879,-35.1732,0.702548,38.5371,1.58707,4.35618,0,0.547526,4.06327,0.423563,0.415115,195.470001,206.130005,200.800003,749.000000,195.531,219.685,207.608,734.996,6.80803,-14.0036
11.4184,-8.21612,3.09461,-0.84244,-7.51467,-34.9402,0.734836,38.0412,1.57728,4.35618,0,0.53512,3.87561,0.444803,0.419617,195.470001,206.130005,200.800003,749.000000,186.666,210.615,198.641,699.267,-2.15926,-49.7326
11.4384,-8.00917,2.91396,-0.806394,-7.31501,-34.7061,0.767606,37.6264,1.574,4.002,0,0.531128,3.6878,0.419696,0.402998,184.910004,211.580002,198.245003,698.000000,177.377,200.935,189.156,673.09,-9.08933,-24.9101
11.4584,-7.76542,2.67127,-0.759668,-7.13224,-34.4772,0.798854,37.1538,1.55852,4.002,0,0.550288,3.63349,0.420864,0.3809,184.910004,211.580002,198.245003,698.000000,174.812,197.448,186.13,666.843,-12.1151,-31.1574
11.4785,-7.60025,2.55383,-0.736561,-6.95889,-34.2459,0.82952,36.8053,1.56608,4.002,0,0.512481,3.57744,0.406289,0.394102,175.779999,201.839996,188.809998,698.000000,172.066,194.554,183.31,655.888,-5.50003,-42.1122
11.4984,-7.26519,2.29992,-0.678588,-6.79322,-34.0108,0.859751,36.3138,1.53834,3.67638,0,0.492834,3.58724,0.397232,0.385571,175.779999,201.839996,188.809998,647.000000,172.449,194.411,183.43,670.66,-5.38016,23.6604
11.5185,-6.99357,2.12494,-0.635747,-6.63026,-33.766,0.889673,35.8928,1.52542,3.67638,0,0.468638,3.65381,0.390783,0.363089,173.850006,201.740005,187.795006,647.000000,175.657,197.584,186.62,679.2,-1.17473,32.2005
11.5384,-6.76949,1.96568,-0.599086,-6.4741,-33.5181,0.918383,35.485,1.51747,3.67638,0,0.505172,3.71941,0.384479,0.365343,173.850006,201.740005,187.795006,647.000000,179.055,200.279,189.667,691.485,1.87181,44.485
11.5585,-6.53781,1.84715,-0.566543,-6.31816,-33.2561,0.947277,35.1039,1.51382,3.67638,0,0.526301,3.78712,0.372423,0.347113,178.369995,210.399994,194.384995,647.000000,182.414,203.147,192.781,703.881,-1.60444,56.8807
11.5785,-6.19511,1.66788,-0.51841,-6.16801,-32.99,0.974813,34.6579,1.49322,3.67638,0,0.479296,3.85556,0.360846,0.355897,178.369995,210.399994,194.384995,647.000000,185.883,206.082,195.982,716.737,1.59732,69.737
11.5985,-5.92615,1.53975,-0.486151,-6.0204,-32.7137,1.00169,34.2536,1.48784,3.67638,0,0.566232,3.92732,0.351288,0.336145,194.399994,222.660004,208.529999,647.000000,189.679,208.928,199.303,729.84,-9.22663,82.8402
11.6185,-5.4957,1.35384,-0.438745,-5.87731,-32.4297,1.02831,33.7857,1.46706,3.67638,0,0.475299,3.99802,0.354651,0.329274,194.399994,222.660004,208.529999,647.000000,193.005,212.618,202.812,742.981,-5.71831,95.9805
11.6386,-5.28716,1.26003,-0.407742,-5.73688,-32.1321,1.05548,33.3951,1.46323,3.67638,0,0.431643,4.07021,0.354015,0.33397,193.740005,190.199997,191.970001,647.000000,196.673,216.105,206.389,756.287,14.419,109.287
11.6586,-4.90564,1.08336,-0.359718,-5.60552,-31.8329,1.08247,32.9237,1.44219,3.67638,0,0.428869,4.13925,0.360795,0.347494,193.740005,190.199997,191.970001,647.000000,199.882,220.042,209.962,769.201,17.992,122.201
11.6785,-4.49963,0.9487,-0.323783,-5.47985,-31.5222,1.11069,32.4857,1.43447,5.54215,0,0.487335,4.20588,0.386484,0.372273,207.369995,206.300003,206.834999,936.000000,202.872,224.488,213.68,781.766,6.84489,-154.234
11.6986,-3.98744,0.868279,-0.290976,-5.36366,-31.1998,1.14241,32.0976,1.43339,5.54215,0,0.494172,4.26565,0.437424,0.413324,207.369995,206.300003,206.834999,936.000000,205.33,229.686,217.508,793.051,10.6731,-142.949
11.7186,-3.58189,0.784475,-0.244117,-5.25978,-30.8693,1.17689,31.6982,1.421,5.54215,0,0.554583,4.32164,0.484908,0.453539,211.860001,241.360001,226.610001,936.000000,207.778,234.384,221.081,803.953,-5.5293,-132.047
11.7387,-3.26107,0.740248,-0.203936,-5.16968,-30.5336,1.21383,31.332,1.41776,3.23851,0,0.586217,4.21077,0.49363,0.461345,211.860001,241.360001,226.610001,577.000000,203.071,230.717,216.894,593.984,-9.71616,16.9843
11.7586,-2.98772,0.691016,-0.151831,-5.1001,-30.2288,1.24774,30.9919,1.39957,3.23851,0,0.604333,3.58009,0.39927,0.364838,186.039993,212.839996,199.439995,577.000000,172.696,194.845,183.771,567.984,-15.6692,-9.01606
11.7787,-2.771,0.67741,-0.105617,-5.04683,-29.9691,1.27444,30.7309,1.38006,3.23851,0,0.590192,2.96055,0.307055,0.298004,186.039993,212.839996,199.439995,577.000000,142.964,160.14,151.552,466.729,-47.8879,-110.271
11.7987,-2.41719,0.672432,-0.0598864,-5.0081,-29.7618,1.29456,30.5443,1.35445,3.23851,0,0.423074,2.3417,0.241441,0.221822,154.380005,185.789993,170.084999,577.000000,113.049,126.582,119.816,366.071,-50.2694,-210.929
11.8187,-2.11552,0.676139,-0.0388371,-4.97615,-29.5757,1.3118,30.3868,1.35064,3.80173,0,0.297034,2.46385,0.240703,0.21531,154.380005,185.789993,170.084999,665.000000,117.542,130.582,124.062,497.473,-46.0229,-167.527
11.8388,-1.82156,0.66826,-0.0129856,-4.94447,-29.3751,1.32955,30.2052,1.34253,3.80173,0,0.39032,2.51844,0.237983,0.213694,143.509995,163.529999,153.519997,665.000000,121.42,134.454,127.937,462.971,-25.5827,-202.029
11.8587,-1.64263,0.687782,0.0170943,-4.91583,-29.1737,1.34686,30.0404,1.32976,3.80173,0,0.287328,2.54642,0.227302,0.228505,143.509995,163.529999,153.519997,665.000000,122.946,135.617,129.281,471.001,-24.2387,-193.999
11.8788,-1.36254,0.714439,0.0461561,-4.88983,-28.97,1.36386,29.8933,1.3177,3.0174,0,0.344298,2.57684,0.225217,0.209482,151.000000,174.020004,162.510002,526.000000,124.48,136.921,130.701,476.441,-31.8092,-49.5588
11.8987,-1.12271,0.742559,0.0726207,-4.86576,-28.757,1.38114,29.736,1.30852,3.0174,0,0.27167,2.81288,0.235657,0.214586,151.000000,174.020004,162.510002,526.000000,135.777,148.368,142.073,543.01,-20.4372,17.0103
11.9188,-0.891549,0.762047,0.0969186,-4.84221,-28.5183,1.3996,29.5456,1.30268,3.0174,0,0.337718,3.12267,0.253921,0.241377,165.410004,177.809998,171.610001,526.000000,150.689,165.128,157.908,598.326,-13.7017,72.3261
11.9388,-0.559993,0.821187,0.121339,-4.82136,-28.2576,1.41968,29.3893,1.29834,4.42398,0,0.287993,3.42727,0.284618,0.257788,165.410004,177.809998,171.610001,757.000000,165.231,181.48,173.356,656.751,1.74578,-100.249
11.9588,-0.124542,0.892121,0.147417,-4.80682,-27.9842,1.44199,29.2535,1.29457,4.42398,0,0.428847,3.27455,0.299092,0.289017,195.770004,234.039993,214.904999,757.000000,157.994,174.641,166.318,590.187,-48.5873,-166.813
11.9788,0.205117,0.961698,0.186338,-4.80148,-27.7312,1.46487,29.1264,1.27853,4.42398,0,0.470468,3.0716,0.307661,0.306161,195.770004,234.039993,214.904999,757.000000,148.079,165.433,156.756,553.054,-58.1492,-203.946
11.9988,0.486274,1.05374,0.20681,-4.80341,-27.4934,1.48776,29.0331,1.28095,4.60671,0,0.478396,2.86892,0.301195,0.289517,199.970001,221.949997,210.959999,757.000000,138.331,154.898,146.614,516.713,-64.3459,-240.287
12.0188,0.932365,1.15446,0.267992,-4.81125,-27.2716,1.51001,29.0006,1.24202,4.60671,0,0.515893,2.66066,0.295029,0.288416,199.970001,221.949997,210.959999,757.000000,128.153,144.525,136.339,478.95,-74.621,-278.05
12.0388,1.24735,1.29423,0.306584,-4.82526,-27.063,1.53282,29.0001,1.22623,4.60671,0,0.509487,2.43398,0.296291,0.274183,173.470001,201.610001,187.540001,757.000000,116.983,134.032,125.508,433.967,-62.0321,-323.033
12.0589,1.51685,1.38432,0.34089,-4.84265,-26.8803,1.55379,28.9712,1.21291,3.30013,0,0.475763,2.16364,0.264201,0.247133,173.470001,201.610001,187.540001,588.000000,104.17,118.545,111.357,386.355,-76.1829,-201.645
12.0789,1.69785,1.48035,0.385225,-4.86143,-26.7156,1.57255,28.9489,1.18733,3.30013,0,0.524642,2.05695,0.251103,0.230803,152.160004,204.320007,178.240005,588.000000,99.0723,112.648,105.86,352.881,-72.3798,-235.119
12.0989,1.95796,1.62491,0.427342,-4.88321,-26.5451,1.59118,28.9888,1.16384,3.30013,0,0.45032,2.2449,0.24907,0.251573,152.160004,204.320007,178.240005,588.000000,108.003,122.093,115.048,421.06,-63.1919,-166.94
12.119,2.22704,1.762,0.459555,-4.90947,-26.3574,1.6105,29.0109,1.15095,4.01026,0,0.445832,2.44566,0.263298,0.243215,148.509995,175.660004,162.084999,691.000000,117.642,131.921,124.782,461.802,-37.3034,-229.198
12.139,2.50761,1.90683,0.493532,-4.94018,-26.1627,1.63024,29.0408,1.13671,4.01026,0,0.450403,2.39733,0.26103,0.241788,148.509995,175.660004,162.084999,691.000000,115.597,129.939,122.768,437.466,-39.3168,-253.534
12.159,2.76633,2.05476,0.539755,-4.97373,-25.9754,1.6496,29.0792,1.10985,4.01026,0,0.491623,2.34684,0.253889,0.240942,168.779999,198.350006,183.565002,691.000000,113.056,126.891,119.974,430.444,-63.5914,-260.556
12.179,2.98005,2.26384,0.572657,-5.01017,-25.7921,1.6685,29.1715,1.09584,3.85465,0,0.458105,2.29799,0.241161,0.226046,168.779999,198.350006,183.565002,662.000000,110.542,124.195,117.368,421.358,-66.1965,-240.642
12.199,3.18481,2.43161,0.606166,-5.04894,-25.6104,1.68645,29.2258,1.08028,3.85465,0,0.480723,2.29737,0.238058,0.202487,166.759995,189.679993,178.219994,662.000000,110.753,123.543,117.148,423.811,-61.0722,-238.189
12.219,3.40115,2.58679,0.637327,-5.08974,-25.4302,1.70354,29.2754,1.06622,3.85465,0,0.392857,2.30667,0.23001,0.200438,166.759995,189.679993,178.219994,662.000000,110.995,123.874,117.434,425.599,-60.7857,-236.401
12.2391,3.67156,2.88185,0.681877,-5.13307,-25.2506,1.72018,29.478,1.0383,4.16615,0,0.445833,2.31672,0.219288,0.194986,172.220001,195.039993,183.629997,716.000000,111.715,123.907,117.811,427.254,-65.8191,-288.746
12.2591,3.92775,3.09734,0.716149,-5.17943,-25.0687,1.7363,29.6018,1.02016,4.16615,0,0.388826,2.27754,0.191162,0.189011,172.220001,195.039993,183.629997,716.000000,110.013,120.968,115.491,411.019,-68.1395,-304.981
12.2791,4.13806,3.29707,0.748264,-5.22504,-24.8984,1.75097,29.7094,1.00271,4.16615,0,0.38791,2.17731,0.192629,0.178697,172.440002,192.039993,182.239998,716.000000,105.246,115.843,110.545,397.323,-71.6955,-318.677
12.2991,4.32976,3.47955,0.773217,-5.27165,-24.7337,1.7652,29.8023,0.991983,4.16615,0,0.394234,2.08108,0.187529,0.170414,172.440002,192.039993,182.239998,716.000000,100.57,110.738,105.654,379.75,-76.5858,-336.25
12.3192,4.55042,3.76475,0.811004,-5.31872,-24.575,1.77878,30.009,0.967774,3.84078,0,0.378768,1.98321,0.180587,0.156317,164.649994,182.479996,173.564995,665.000000,95.7966,105.554,100.675,361.846,-72.8895,-303.154
12.3392,4.55042,3.76475,0.811004,-5.365,-24.4262,1.79157,29.8839,0.98057,3.84078,0,0.378768,1.88643,0.167618,0.158446,164.649994,182.479996,173.564995,665.000000,91.1316,100.468,95.8,344.263,-77.765,-320.737
12.3592,4.55042,3.76475,0.811004,-5.40997,-24.2876,1.80355,29.7681,0.992547,3.84078,0,0.378768,1.79052,0.154267,0.156764,164.649994,182.479996,173.564995,665.000000,86.5972,95.1726,90.8849,326.754,-82.6801,-338.246
12.3792,4.55042,3.76475,0.811004,-5.45519,-24.1537,1.81513,29.6573,1.00412,3.84078,0,0.378768,1.69598,0.144221,0.142106,164.649994,182.479996,173.564995,665.000000,81.8549,90.2622,86.0586,309.538,-87.5064,-355.462
12.3992,4.55042,3.76475,0.811004,-5.4986,-24.0297,1.82586,29.5553,1.01485,3.84078,0,0.378768,1.60103,0.142705,0.126332,164.649994,182.479996,173.564995,665.000000,77.3836,85.118,81.2508,292.14,-92.3142,-372.86
12.4193,4.55042,3.76475,0.811004,-5.54164,-23.9108,1.8362,29.4582,1.0252,3.84078,0,0.378768,1.505,0.128482,0.121519,164.649994,182.479996,173.564995,665.000000,72.7293,80.0406,76.385,274.68,-97.18,-390.32
12.4392,4.55042,3.76475,0.811004,-5.58191,-23.8029,1.84556,29.3707,1.03456,3.84078,0,0.378768,1.40982,0.125075,0.11691,164.649994,182.479996,173.564995,665.000000,68.1944,74.9182,71.5563,257.46,-102.009,-407.54
12.4593,4.55042,3.76475,0.811004,-5.6217,-23.6991,1.85474,29.2871,1.04373,3.84078,0,0.378768,1.3163,0.116263,0.10463,164.649994,182.479996,173.564995,665.000000,63.6576,69.948,66.8028,240.345,-106.762,-424.655
12.4793,4.55042,3.76475,0.811004,-5.65884,-23.6048,1.86302,29.2116,1.05201,3.84078,0,0.378768,1.22305,0.101547,0.0998267,164.649994,182.479996,173.564995,665.000000,59.1298,64.9922,62.061,223.203,-111.504,-441.797
